,Produto,Preco
161,"Computador Business B100 Mini - Celeron Dual Core J1800 2.41GHZ 4GB DDR3 Sodimm sem HD hdmi/vga
",1766.07
1040,"Computador Icc Processador Amd Fm2 A8 6gb de Ram Ssd 120 Gb Dvdrw
",1574.79
221,"Mesa de computador/Escrivaninha - Prática Branca (1 gaveta)
",1301.07
39,"Computador Intel Core i5 Com Hdmi 8GB HD 500GB Windows 10 Pro Wifi Desktop Pc
",1487.07
1018,"Computador Pc Cpu Intel Core I3 4GB HD 1TB Windows 10 Pro Hdmi Desktop
",1565.72
372,"Computador Flex Computer Intel Core i3 4GB SSD 240Gb Com Kit
",1359.51
303,"Computador Flex Computer Dynamic Intel Core i3 3.0Ghz 4Gb Memória Ram Ddr3 Hd 1Tb Sata 3
",1485.21
363,"Computador Flex Computer Dynamic Intel Core i3 3.0Ghz 4Gb Memória Ram Ddr3 Hd 1Tb Sata 3 Kit Teclado e Mouse
",1231.12
658,"Computador Flex Computer Intel Core I5-2400S 6Gb HD 500Gb Com Kit
",1626.57
339,"Computador Slim Intel Core i3 Série 2, RAM 4GB, SSD 120GB, Windows 10 Pro
",1293.11
1177,"Computador Desktop Core i3 3ª Geração 4Gb Ram SSD 240Gb Wifi HDMI + Teclado e Mouse
",1434.84
731,"Computador Flex Computer Intel Core I3-2100 10GB HD 1Tb
",1672.14
609,"Mesa de Computador Pratica com Gaveta cor Branco
",1291.15
856,"Computador Flex Computer Dynamic Intel Core i3 3.0Ghz 8Gb Memória Ram Ddr3 Hd 1Tb Sata 3 Kit Teclado e Mouse
",1521.2
741,"Computador Flex Computer Intel Core I3-2100 10GB SSD 240Gb
",1580.07
172,"Computador Intel Core i3 Com Hdmi 4GB ssd 120GB Windows 10 Desktop Pc
",1789.08
618,"Computador Flex Computer Intel Core I3-2100 8GB SSD 120Gb Com Kit e DVDRW
",1390.34
810,"Computador Cpu Intel Core I5 4gb SSD 480gb
",1507.92
376,"Computador Pc Cpu Intel Core i5 3.2Ghz 8GB ssd 240GB HD 1TB Hdmi Windows 10 Pro Wifi
",1362.06
360,"Computador Elgin Newera E3 Nano J1800 4GB SSD120GB 2 Seriais
",1580.07
620,"Computador Icc Processador Amd Fm2 A8 6gb de Ram Hd 500gb
",1424.65
721,"Computador Flex Computer Intel Core I3-2100 10GB HD 500Gb Com Kit e DVDRW
",1310.85
68,"Computador All in One Dell Inspiron 5400-PS10S 23.8"" FHD 11ª G. Intel Core i5 8GB 256GB SSD Windows 10 Suporte Premium
",5104.77
514,"Computador 1027 Celeron J1800 4GB 120GB SSD Linux - NTC
",1363.08
41,"Computador Roca Forte Intel Core i5 8GB SSD 480GB Hdmi Windows 10 Pc Cpu Desktop
",1673.07
513,"Mesa Computador Estrela Com Gaveta e Nicho cor Branco - Jm Casa dos Móveis
",1289.67
696,"Computador Flex Computer Intel Core i3 8GB HD 2Tb
",1455.98
706,"Computador Flex Computer Intel Core I5-2400S 4GB HD 1Tb
",1477.77
471,"Computador Desktop ICC IV1882S Intel Dual Core 2.41ghz 8GB HD 1TB USB 3.0 HDMI FULL HD
",1376.15
1178,"Computador Icc Processador Amd Fm2 A10 4gb de Ram Ssd 120 Gb Windows 10
",1457.86
366,"Computador Pc Cpu Intel Core I5 8GB ssd 240GB Windows 10 Pro Hdmi Desktop
",1356.21
604,"Computador intel 8GB ram HD 500GB com teclado E mouse
",1291.77
955,"Computador Flex Computer Intel Core I5-2400S 10GB HD 500Gb
",1552.44
1089,"Computador home H100 - celeron dual core J1800 2.41GHZ mem 4GB DDR3 sodimm sem hd/ssd hdmi/vga fonte 200W
",1299.65
290,"Mesa Para Computador Escrivaninha Porto 120cm Nature - Fit Mobel
",1259.13
24,"Kit Computador Desktop Dell Vostro 3681-M10M 10ª Geração Intel Core i3 4GB 1TB Windows 10 + Monitor 21""
",3653.97
387,"Mesa De Computador Prática - Branco
",1541.73
56,"Computador Skul Business B300, I3, 4GB, HD 500GB Fonte 200w
",1543.45
807,"Computador Icc Processador Amd Fm2 A10 4gb de Ram Hd 1 Tb Kit Multimídia
",1356.48
130,"Computador Cpu Intel Core I5 8gb ssd 240gb
",1887.89
940,"Computador Icc Processador Amd Fm2 A8 4gb de Ram Hd 1 Tb Dvdrw
",1673.07
988,"Computador Pc Intel Core I3 4GB ssd 120GB Windows 10 Hdmi Teclado Mouse
",1325.74
157,"Computador Elgin Newera E3 Nano J1800 4gb Ssd120gb - 46nempc0b8nf
",1650.75
84,"Kit Computador All in One Dell Inspiron 5400-OS30F LED 23.8"" FHD 11ª Geração Intel Core i7 16GB 512GB SSD Microsoft 365
",6732.27
774,"Computador Desktop Flex Computer Dynamic Intel Core i5 3.20Ghz 4Gb Memória Ram Ddr3 Hd 500Gb Sata III
",1514.97
717,"Mesa P/ Computador Tijuca Com 2 Gavetas Em Mdp Castanho Politorno
",1467.52
328,"Computador Desktop Flex Computer Dynamic Intel Core i3 3.0GHZ 4Gb de Memória Ram Ddr3 Hd 500Gb Sata 3 Kit Teclado e Mouse
",1328.26
970,"Mesa Para Computador Royale Imbuia - Benetil 
",1554.18
392,"Computador Desktop I3 4gb 240gb Ssd Dvdrw Kit Multimídia Windows 10 Digital Corp
",1372.7
393,"Computador Cpu Intel Core I5 4gb SSD 240gb
",1401.65
1012,"Mesa Para Computador Titanium Branco Benetil Moveis
",1561.51
449,"Computador Flex Computer Intel Core i3 8GB HD 500Gb Com Kit e DVDRW
",1580.07
428,"Computador TOB Home Plus com Processador J1800 HD 1TB 8GB de Memória Gabinete Preto
",1422.39
324,"Computador Completo Pc Cpu Intel Core I3 4GB HD 1TB Windows 10 Pro Hdmi Teclado e Mouse
",1274.15
181,"Computador Pc Desktop Cpu Core i5 4gb Ram SSd 120gb Windows 10 Pró - Teclado e Mouse
",1639.65
431,"Computador Desktop Pc Cpu Montada Core i5 4gb Ram Hd 500gb Windows 10 Pró Teclado e Mouse
",1392.49
1179,"Computador Icc Processador Amd Fm2 A8 4gb de Ram Ssd 120 Gb Windows 10
",1626.57
855,"Computador Flex Computer Intel Core i3 4GB HD 500Gb Monitor 15""
",1542.87
832,"Computador Desktop Core i3 3ª Geração 4Gb Ram SSD 120Gb Wifi HDMI + Teclado e Mouse
",1533.57
331,"Computador Tanca TC-6240S J1800 4GB SSD120GB 2 Seriais
",1583.12
440,"Escrivaninha / Mesa para Computador Compact not 0,70 - Branco - Lojas amp
",1395.05
644,"Computador Desktop Intel Core I5 8gb Ddr3 Ssd 240gb
",1390.56
22,"Computador completo intel core I5 8GB ssd 240GB monitor LED hdmi 19.5 digital corp
",2025.1
702,"Computador Icc Processador Amd Fm2 A8 4gb de Ram Hd 1 Tb
",1457.63
1191,"Computador Flex Computer Intel Core i3 8GB HD 2Tb Com Kit e DVDRW
",1599.44
457,"Computador Desktop Business Intel Core i5 3.4Ghz /4Gb DDR3 /HD 500GB
",1360.4
17,"Computador Intel Core i5 8GB HD 1TB Hdmi Windows 10 Desktop - Mali Brasil
",1589.37
1033,"Mesa para Computador Suspensa Escrivaninha e Mesa de Estudo
",1671.12
1100,"Computador Deutel fx 4100 Memória 8gbHD 500 gb
",1209.0
674,"Computador Desktop Core 2 Duo 8400 3.0Ghz 4Gb Ram SSD 480Gb Wifi + Teclado, Mouse e Som
",1452.76
649,"Computador Flex Computer Intel Core I3-2100 8GB HD 1Tb Com Kit
",1449.87
947,"Computador Icc Processador Amd Fm2 A10 8gb de Ram Ssd 120 Gb
",1512.81
64,"Computador completo intel core I5 7° 8GB ssd 240GB monitor hdmi LED 21.5 digital plus
",2939.33
545,"Computador Flex Computer Intel Core i3 6Gb HD 500Gb Windows 10
",1208.07
797,"Computador Desktop Intel Core i3 3.0Ghz / 10GB DDR3 / HD 500GB
",1347.4
718,"Computador Pc Cpu Desktop Core i5 8gb Ram Hd 500 Linux Ubuntu Teclado e Mouse Programas Básicos
",1466.78
354,"Computador Desktop Flex Computer Dynamic Intel Core i3 3.0GHZ 4Gb de Memória Ram Ddr3 Hd 1Tb Sata III Kit Teclado e Mouse
",1716.15
943,"Computador 5TECHPC intel i3 3240 4Gb SSD240Gb Win 10 pro Com wifi
",1764.39
389,"Computador Desktop Intel Core i5 3.2Ghz / 10GB DDR3 / HD 500GB
",1370.23
761,"Computador Flex Computer Intel Core I3-2100 4GB SSD 240Gb Windows 10
",1504.73
456,"Computador Pc Cpu Intel Core i3 4GB ssd 120GB Windows 10 Teclado e Mouse
",1360.4
967,"Computador Desktop Flex Computer Dynamic Intel Core i5 3.20Ghz 6Gb Memória Ram Ddr3 Hd 500Gb Sata III
",1756.77
704,"Mesa De Computador Prática Com Gaveta Freijó - ej Móveis
",1302.17
26,"Computador All In One I3 8gb Ssd 240gb Monitor 23
",22950.0
675,"Computador Flex Computer Intel Core i5 6Gb HD 500Gb Com Kit
",1448.56
798,"Computador Flex Computer Intel Core I3-2100 6Gb HD 2Tb Com Kit
",1505.53
1190,"Computador Flex Computer Intel Core I3-2100 6Gb HD 500Gb Monitor 15""
",1549.48
1161,"Computador Flex Computer Intel Core I5-2400S 10GB HD 500Gb Com Kit
",1427.52
59,"Computador PC CPU Intel Core i5 8Gb 500Gb BestPC
",1296.87
350,"Computador Cpu Intel Core I3 8gb SSD 240gb
",1344.75
745,"Computador Intel Core i5 3.2Ghz Com Hdmi 8GB HD 500GB Wifi Desktop Pc
",1669.35
169,"Computador Fácil Intel Core I5 (Terceira Geração) 8GB SSD 120GB
",2018.69
659,"Computador Flex Computer Intel Core I3-2100 8GB SSD 240Gb Com Kit
",1399.42
1119,"Mesa para Computador/Notebook C/01 Gaveta ajl Castanho - ajl Móveis
",1419.48
989,"Computador Pc Intel 3.3Ghz 4GB ssd 120GB Windows 10 Hdmi Teclado Mouse
",1580.99
871,"Computador Flex Computer Intel Core i3 6Gb SSD 120Gb Com Kit Windows 10
",1545.02
107,"Kit Computador All in One Dell Inspiron 5400-OS20F 23.8"" FHD 11ª G Intel Core i7 8GB 256GB SSD Windows 10 Microsoft 365
",5988.27
867,"Computador enem celeron dual core 4GB SSD240GB win10 com curso preparatório embarcado
",1531.92
352,"Computador Flex Computer Intel Core i3 4GB HD 2Tb Com Kit
",1345.58
920,"Computador Flex Computer Intel Core i3 4GB SSD 240Gb Windows 10
",1380.52
992,"Computador Desktop Cpu Intel Core I3 4gb Ddr3 Ssd 120gb
",1483.35
754,"Computador Flex Computer Intel Core i3 4GB HD 1Tb Windows 10
",1485.66
257,"Computador Flex Computer Intel Core I3-2100 4GB SSD 240Gb
",1239.13
561,"Computador Desktop Core 2 Duo 8400 3.0Ghz 4Gb Ram SSD 120Gb Wifi + Teclado e Mouse
",1230.29
729,"Computador Desktop Core i3 3ª Geração 4Gb Ram SSD 120Gb Wifi HDMI
",1470.9
112,"Mesa para Computador / Penteadeira Delacroix 2 Gavetas Nogal Branco/Amarelo - Máxima
",2199.9
1162,"Mesa p/Computador Tecno Mobili ME-4107 Branco
",1428.87
451,"Computador Desktop ICC IV2342S Intel Core I3 3.20 ghz 4gb HD 1TB HDMI FULL HD
",1400.74
679,"Computador Flex Computer Intel Core I3-2100 4GB SSD 480Gb
",1291.0
1056,"Computador Intel Core I3 4gb Ram 500GB Com Hdmi Pyx One
",1356.73
355,"Computador Lenovo Thinkcentre I3 4160 500HD 8GB 3.60GHZ
",1306.78
1047,"Computador Pc Cpu Intel Dual Core 3.1GHz Com Hdmi 4GB HD 500GB Windows 10 Usb 3.0 Desktop
",1568.93
961,"Computador Goldentec I72 com Intel® Core™ i3-2100 3.1GHz 4GB SSD 120GB Windows 10 Home SL
",1415.66
553,"Computador Desktop ICC IV1847K Intel Dual Core 2.41ghz 4GB HD 240GB SSD teclado, mouse, cx de som USB3.0 HDMI FULLHD
",1393.97
975,"Computador Flex Computer Intel Core i5 8GB SSD 120Gb
",1394.9
1013,"Computador Cpu Desktop Intel Core i3 4gb Ram Ssd 240gb Hdmi Dvd Wifi Windows 10
",1422.69
1073,"Computador Desktop Icc Vision Iv1887sw Intel Dual Core 2.41ghz 8gb Hd 240gb Ssd Windows 10
",1587.9
232,"ESCRIVANINHA / MESA DE COMPUTADOR - PRATICA (1 gaveta - Malbec)|Saimys Móveis
",1413.6
987,"Computador Cpu Intel Core i3 4GB ssd 120GB Windows 10 Hdmi Teclado Mouse
",1246.1
841,"Computador Elgin Newera E3 Nano J1800 4gb Ssd120gb 2 Seriais
",1711.2
910,"Mesa Escrivaninha Gamer Para Computador B23 Branco Nova Mobile
",3316.74
368,"Computador Flex Computer Intel Core I3-2100 6Gb HD 1Tb Com Kit
",1400.74
597,"Computador Login Intel Celeron 4GB ram 120GB ssd Windows 10
",1289.9
289,"Computador Elgin Newera E3 Nano J1800 4GB SSD120GB 2 Seriais
",1293.55
203,"Computador Desktop Dell XPS 8940-A20 10ª Geração Intel Core i5 8GB 256GB SSD GTX 1650 SUPER Windows 10 Preto
",1244.91
625,"Computador I3 8gb Ram Hd 500gb
",1301.9
1010,"Computador Flex Computer Intel Core i3 6Gb HD 1Tb Windows 10
",1560.77
599,"Computador Desktop Core 2 Duo 8400 3.0Ghz 4Gb Ram SSD 480Gb Wifi
",1334.54
21,"Cpu Pc Computador Gamer Intel I5 8gb Ssd 240gb Gefgt610 2gb
",2352.89
744,"Computador Desktop Business Intel Core i3 3.0Ghz /8Gb DDR3 / HD 1TB
",1478.24
301,"Computador intel core I3-2120 3.30GHZ DDR3 4GB ssd 120GB sem gravadora
",1257.15
948,"Computador Concórdia Processador Core I5 Memória 8Gb Ssd 240Gb
",1580.99
1005,"Mesa para Computador com Armário 2 Portas Irlanda Atualle Móveis Mocaccino Rústico/Natura Off
",1559.12
480,"Computador Cpu Intel Core I5 4gb HD 500gb
",1367.12
936,"Computador Flex Computer Intel Core I3-2100 12GB HD 500Gb Com Kit e DVDRW
",1545.02
980,"Computador First Intel Core I5 8gb Hd 500gb Nota Fiscal
",1580.07
828,"Computador intel core I3-2100 3.10GHZ DDR3 4GB ssd 120GB sem gravadora win 10 pro
",1964.5
1194,"Mesa de Computador Permóbili Melissa Branco
",1803.27
416,"Computador Pc Desktop Cpu i5 3.2 Ghz 4gb Hd 500gb Windows 10 c/ Gravador de Dvd - Hdmi Teclado e Mouse + Programas Instalados !
",1346.44
672,"Computador Flex Computer Intel Core I3-2100 12GB HD 500Gb Com Kit
",1646.76
928,"Mesa para Computador 1 Gaveta System System Valdemóveis Cinamomo
",1219.88
93,"Computador Pc Cpu Intel Core i5 Com Hdmi 4GB SSD 120GB Windows 10 Wifi Desktop
",1338.27
722,"Computador Flex Computer Intel Core i3 4GB SSD 240Gb Com Kit e DVDRW
",1475.68
858,"Mesa Para Computador Ramon 100% Mdf (escrivaninha)
",1524.41
661,"Computador Icc Processador Amd Fm2 A10 4gb de Ram Ssd 120 Gb Kit Multimídia
",1464.48
946,"Computador Flex Computer Intel Core i5 4GB SSD 240Gb
",1547.58
622,"Computador I3 8gb Ram Hd 500gb
",1275.04
29,"Cpu Computador Intel Core i3 8GB HD 500GB Teclado Mouse
",1394.07
974,"Computador Icc Processador Amd Fm2 A10 6gb de Ram Hd 500gb Kit Multimídia Dvdrw
",1381.25
782,"Computador Flex Computer Intel Core i3 8GB HD 500Gb Windows 10
",1468.47
5,"Computador Gamer Intel Core I5 6gb Hd 500gb Nvidia Geforce Gt Easypc Light 2
",1952.15
576,"Mesa de Computador Prática EJ Móveis - Várias cores
",1289.9
551,"Computador Icc Processador Amd Fm2 A8 4gb de Ram Ssd 120 Gb
",1426.52
894,"Escrivaninha para Computador Morada 1 Porta 1 Gaveta Branco Demóbile
",1372.47
125,"Computador Fácil Intel 4GB HD 500GB
",2192.15
508,"Escrivaninha 2 Gavetas Quarto Ej Notebook Computador Branco
",1740.63
966,"Computador Pc Cpu Intel Core I3 4GB ssd 240GB Windows 10 Pro Hdmi Desktop
",1447.7
295,"Computador Bema Rc8400n Zion 4GB Ssd120
",1487.07
1108,"Computador barato core 2 duo 4GB ssd 120GB
",1580.25
643,"Computador Sff Concórdia Completo Com Monitor 18,5'' Processador Intel Dual Core Memória 4gb Ddr3 Ssd 120gb
",1436.84
598,"Computador completo intel 8GB HD 500GB
",1429.41
664,"Computador Flex Computer Intel Core i5 4GB SSD 120Gb Com Kit
",1402.29
168,"Computador Fácil Intel Core i5 9400f (Nona Geração) 8GB DDR4 GeForce Nvidia 1GB SSD 120GB
",1418.65
1122,"Computador Desktop Core i3 1ª Geração 4Gb Ram SSD 480Gb Wifi HDMI
",1582.13
756,"Computador Icc Processador Amd Fm2 A10 6gb de Ram Ssd 120 Gb
",1327.24
315,"Mesa para Computador / Gamer Play Preto Fosco / Vermelho
",1278.49
46,"Computador Pc Cpu Intel Core i5 8GB ssd 512GB Hdmi Windows 10
",1626.57
317,"Computador Processador Amd Fm2 A10 6gb de Ram Hd 500gb Kit Multimídia Digital Corp
",1609.52
665,"Computador Pc Cpu Intel Core i5 8GB SSD 120GB Hdmi Windows 10 Wifi Desktop
",1451.94
757,"Computador Flex Computer Intel Core i3 6Gb SSD 120Gb Windows 10
",1486.48
617,"Computador intel 8GB ram HD 500GB com teclado E mouse
",1429.59
746,"Computador Desktop ICC IV1847KW Intel Dual Core 2.41ghz 4GB HD 240GB SSD Kit Multimídia USB 3.0 HDMI FULLHD
",1479.15
7,"Computador Cpu Intel Core I5 8gb Hd 1tb
",1249.5
837,"Computador Desktop Core i3 2ª Geração 4Gb Ram SSD 240Gb Wifi HDMI + Teclado e Mouse
",1470.02
1050,"Computador Processador Amd Fm2 A10 4gb de Ram Ssd 120 Gb Kit Multimídia Windows 10 Dvdr Digital Corp
",1294.71
897,"Computador Flex Computer Intel Core i3 4GB HD 500Gb Com Kit Monitor 15""
",1534.39
437,"Computador TOB Business Fast Intel Core i3 SSD 120GB 4GB Gabinete Preto
",1546.15
985,"Computador Pc Cpu Intel 3.3Ghz 4GB ssd 120GB Windows 10 Teclado Mouse
",1580.07
271,"Computador Cpu Intel Core I5 4gb ssd 120gb
",1410.15
120,"Computador Completo Fácil Intel Core i5 8GB SSD 480GB Monitor 19"" HDMI LED Teclado e Mouse
",1422.8
275,"Computador Desktop Flex Computer Dynamic Intel Core i3 3.0GHZ 4Gb de Memória Ram Ddr3 Hd 500Gb Sata 3
",1325.15
1034,"Cpu Computador Desktop Intel Core i5 8gb Ddr3 Ssd 120gb Hdmi Wifi Dvd Windows 10
",1671.12
527,"Computador Desktop Business Intel Core i3 3.0Ghz /4Gb DDR3 /SSD 120GB
",1232.5
283,"Computador Cpu Intel Core I3 4gb Hd 1tb
",1291.16
395,"Computador Flex Computer Intel Core i3 8GB HD 1Tb
",1375.18
568,"Computador Premium Intel Core I3 4gb Hd 500gb Wifi Pc
",1418.24
606,"Computador Login Intel Celeron 4GB ram 120GB ssd Windows 10
",1222.94
495,"Computador Desktop Core 2 Duo 8400 3.0Ghz 8Gb Ram SSD 120Gb Wifi
",1429.41
972,"Computador Cpu Pc Desktop Core i5 8gb Ram 500gb de Hd Windows 10 OEM - Programas Básicos
",1554.09
655,"Mesa Para Computador ou Notebook com Gaveta e Rodízios Prisma - Branco
",1437.01
776,"Computador Intel Core i5 Com Hdmi 4GB ssd 240GB Windows 10 Teclado e Mouse Desktop Pc
",1492.34
879,"Computador Desktop Core i3 1ª Geração 16Gb Ram SSD 120Gb Wifi HDMI
",1547.5
660,"Escrivaninha para Computador 2 Prateleiras 160 Artely Pinho/Off White
",1435.65
353,"Computador I3 lga 1155 Memoria 8gb Ram Fonte 200w HD 500gb ssd 120gb wifi
",1627.5
1192,"Computador Star Intel Core i3 4gb Ram SSd 120gb Windows 10 - Gravador de DVd + Pacote de Programas
",1602.82
532,"Computador Core i5 8gb Ram 120gb de SSd Linux
",1208.07
899,"Computador Icc Processador Amd Fm2 A10 4gb de Ram Ssd 120 Gb Kit Multimídia Dvdrw
",1489.12
1072,"Computador I3 4160 3,60ghz - 4gb - Ssd 120gb - Ultra Rápido
",1395.0
1026,"Computador Flex Computer Intel Core I3-2100 6Gb SSD 240Gb Windows 10
",1517.91
306,"Computador Flex Computer Intel Core I5-2400S 4GB HD 500Gb
",5607.9
833,"Computador de Mergulho Cressi Leonardo
",1513.69
433,"Computador Flex Computer Intel Core I3-2100 4GB HD 2Tb
",1571.7
479,"Computador Icc Processador Amd Fm2 A8 4gb de Ram Hd 500gb Kit Multimídia
",1212.64
373,"Computador Descktop Intel Core i3 500GB hdd 4GB Memória
",3839.97
1107,"Computador Fácil Slim Intel Core i5 4GB SSD 120GB
",2231.99
585,"Computador Desktop ICC IV1847C Intel Dual Core 2.41ghz 4GB HD 240GB SSD DVDRW, teclado, mouse, som USB3.0 HDMI FULLHD
",1429.41
667,"Computador Flex Computer Intel Core I3-2100 12GB SSD 120Gb
",1459.17
737,"Computador Desktop Core i3 1ª Geração 8Gb Ram SSD 120Gb Wifi HDMI + Teclado e Mouse
",1476.59
1139,"Computador CELERON DUAL CORE J1800 2.41GHZ 4GB DDR3 HD 500GB
",1529.15
857,"Computador Cpu Intel Core I5 8gb SSD 480gb
",1523.67
1081,"Computador Core I3 4gb 500GB Com Hdmi Pyx One
",1528.8
719,"Computador Fácil Slim Intel Core i3 8GB SSD 480GB
",1469.17
1186,"Computador Processador Amd Fm2 A10 6gb de Ram Hd 2 Tb Dvdrw Digital Corp
",1596.23
919,"Computador Icc Processador Amd Fm2 A10 8gb de Ram Hd 500gb Kit Multimídia
",1288.05
453,"Computador Star Core i3 8gb Ram Hd 320gb Windows 10 DVD - Teclado Mouse e Wifi + Programas Básicos
",1208.07
128,"Computador Fácil Intel Core i3 8GB SSD 240GB
",1998.88
915,"Computador Intel Core i7-6700 RAM 16GB SSD 240GB Windows 10
",1554.18
497,"Computador Desktop Icc Iv1840s2 Intel Dual Core J1800 2.41ghz 4gb HD 250gb Hdmi USB 3.0
",1416.49
1063,"Computador Fácil Intel Core I5 3470S 3ª Geração 4gb Ddr3 HD 500GB
",1281.74
981,"Computador Pc Cpu Intel 3.3Ghz 4GB ssd 120GB Windows 10 Teclado Mouse
",1495.12
571,"Computador Desktop ICC IV1880D3 Intel Dual Core 2.41ghz 8GB HD 320GB DVDRW  USB 3.0 HDMI FULL HD
",1394.07
1078,"Computador Flex Computer Intel Core I3-2100 4GB SSD 120Gb Com Kit Monitor 15""
",1574.71
824,"Computador Intel Core I5 3.2ghz Com Hdmi 8gb Hd 500gb Dvd
",1512.04
347,"Computador Flex Computer Dynamic Intel Core i3 3.0Ghz /4Gb DDR3/ HD 500GB
",1348.05
251,"Computador Desktop I3 4gb Hd 500gb Kit Multimídia Windows 10 Digital Corp
",1243.26
933,"Computador bematech elgin rc 8400 zion intel celeron J1800 2.41GHz 4GB ssd 120GB
",1383.64
418,"Computador Processador Amd Fm2 A10 6gb de Ram Hd 1 Tb Digital Corp
",1347.37
875,"Mesa de Computador Notebook Prática com Gaveta cor Freijó
",1548.46
550,"Computador Desktop ICC IV1840D3 Intel Dual Core 2.41ghz 4GB HD 320GB DVDRW  USB 3.0 HDMI FULL HD
",1315.8
1164,"Computador Pc Cpu Intel Core I5 8GB ssd 120GB Windows 10 Pro Hdmi Desktop
",1590.46
547,"Mesa de Computador Prática Freijó
",1245.76
1045,"Computador Desktop Intel Core i5 3.2Ghz / 6GB DDR3 / HD 2TB
",1520.96
1079,"Computador Flex Computer Intel Core i3 4GB SSD 480Gb
",1288.05
1015,"Computador Flex Computer Intel Core i3 6Gb HD 500Gb Com Kit e DVDRW Windows 10
",1401.71
809,"Computador Cpu Intel Core I3 8gb ssd 480gb
",1507.92
929,"Escrivaninha/ Mesa Para Computador Me4135 - Tecno Mobili-carvalho
",1411.27
1153,"Computador Desktop Core i3 2ª Geração 8Gb Ram SSD 240Gb Wifi HDMI
",1540.32
529,"Computador Desktop Core 2 Duo 8400 3.0Ghz 4Gb Ram SSD 480Gb Wifi + Teclado e Mouse
",1366.17
149,"Computador Gamer Completo Fácil Intel i5 (Terceira Geração) 8GB Placa de Vídeo GT 730 2GB HD 500GB Monitor 19""
",5114.07
742,"Computador Flex Computer Intel Core I5-2400S 8GB HD 500Gb
",1317.13
831,"Mesa para Computador com Rodízio Me4117 Tecno Mobili Branco
",1533.57
511,"Computador Intel Core i5 3.2Ghz Com Hdmi 8GB HD 500GB Windows 10 Pro Wifi Desktop Pc
",1275.04
1023,"Computador Desktop Flex Computer Dynamic Intel Core i5 3.20Ghz 4Gb Memória Ram Ddr3 Hd 500Gb Sata III Kit Mouse Teclado
",1563.16
630,"Computador Pc Cpu Intel Core I5 8GB HD 500GB Windows 10 Pro Hdmi Desktop
",1301.99
573,"Computador Desktop ICC IV1880K2 Intel Dual Core 2.41ghz 8GB HD 250GB teclado, mouse, cx de som USB 3.0 HDMI FULLHD
",1208.07
785,"Computador Flex Computer Intel Core I5-2400S 4GB HD 1Tb Com Kit
",1342.2
953,"Cpu Computador Intel Core I3+ssd 120gb, 4gb,monitor 17
",1580.07
518,"Computador Premium Intel Core I3 4gb Hd 500gb Wifi Pc
",1288.04
1024,"Computador Flex Computer Intel Core i3 8GB SSD 120Gb Windows 10
",1764.21
640,"Computador Desktop ICC IV1887K Intel Dual Core 2.41ghz 8GB HD 240GB SSD teclado, mouse, cx de som USB3.0 HDMI FULLHD
",1562.4
822,"Computador Pc Cpu Intel Core I3 4GB HD 500GB Windows 10 Pro Hdmi Desktop
",1690.28
304,"Computador Desktop Business Intel Core i3 3.0Ghz / 4Gb DDR3 /HD 1TB
",1324.06
460,"Computador Desktop I3 8gb Hd 2 Tb Digital Corp
",1315.28
342,"Computador Processador Amd Fm2 A10 4gb de Ram Ssd 120 Gb Dvdrw Digital Corp
",1338.07
895,"Computador Flex Computer Intel Core i5 4GB HD 2Tb
",1533.48
1123,"Computador Icc Processador Amd Fm2 A10 4gb de Ram Hd 500gb Kit Multimídia Windows 10
",1583.86
621,"Computador Flex Computer Intel Core I3-2100 4GB HD 2Tb Com Kit
",1390.34
94,"Computador Desktop Lenovo M70q i3-10100T 4GB 500GB Windows 10 Home 11DU0022BP Preto
",2617.15
476,"mesa de computador pratica branco
",1232.5
234,"Computador Simples Core i3 4gb Ram Hd 320gb Windows 10 Pró - Pacote de Programas - Gravador de DVD
",1254.06
152,"Computador Cpu Intel Core I5 8gb SSD 120gb
",1676.2
714,"Computador Icc Processador Amd Fm2 A8 6gb de Ram Hd 500gb Kit Multimídia
",1663.77
348,"Computador Fácil Intel Core i5 8GB SSD 240GB
",1318.24
1071,"Mesa de Computador com Gaveta Viena cor Malbec
",1227.6
979,"Computador Pc Cpu Intel Core I3 8GB HD 500GB Windows 10 Pro Hdmi Desktop
",1580.07
318,"Computador Flex Computer Intel Core I5-2400S 4GB SSD 120Gb
",1439.1
377,"Computador Completo Intel i3 4GB de ram ssd 120GB Windows 10 pro Monitor + Teclado e Mouse
",1208.07
1075,"Computador Intel Core i3 4GB ssd 120GB Hdmi Windows 10 Desktop Pc - Mali Brasil
",1462.4
1146,"Mesa p/Computador Tecno Mobili ME-4107 Branco
",2083.84
413,"Computador Flex Computer Intel Core i3 4GB HD 500Gb Com Kit Windows 10
",1487.99
62,"Computador Completo Monitor 19 Intel Core i5 8GB ssd 240GB Windows 10 Teclado e Mouse Desktop Pc
",2138.99
642,"Computador Icc Processador Amd Fm2 A8 4gb de Ram Hd 500gb Dvdrw
",1436.84
349,"Computador Flex Computer Intel Core i3 4GB HD 500Gb Windows 10
",1310.8
1180,"Computador Flex Computer Intel Core I3-2100 6Gb HD 1Tb Com Kit Windows 10
",1434.84
851,"Computador Flex Computer Intel Core I3-2100 4GB HD 500Gb Monitor 15""
",1520.37
296,"Computador Flex Computer Intel Core I3-2100 8GB HD 500Gb Com Kit
",1645.3
887,"Computador Icc Processador Amd Fm2 A8 6gb de Ram Ssd 120 Gb Kit Multimídia
",1261.59
777,"Computador Desktop I3 8gb Hd 1tb Windows 10 Digital Corp
",1631.15
44,"Computador Desktop Dell XPS 8940-A50 10ª Geração i7 16GB 256GB SSD + 1TB HD RTX 3060 Windows Preto
",9485.07
11,"Computador Fácil Intel Core i5 9400f (Nona Geração) 8GB DDR4 GeForce Nvidia 1GB SSD 240GB
",2549.15
880,"Computador NewEra E3 J1800 4GB 120GB SSD W10 IOT - Elgin
",1530.18
474,"Computador Flex Computer Intel Core i5 4GB SSD 120Gb
",1240.15
736,"Computador Pc Intel Core i3 3ºGer. 4GB HD 500GB wifi
",1480.8
874,"Computador Flex Computer Intel Core I3-2100 6Gb SSD 480Gb
",1570.77
803,"Computador Processador Amd Fm2 A10 6gb de Ram Hd 500gb Kit Multimídia Windows 10 Digital Corp
",1347.4
374,"Computador Flex Computer Intel Core I5-2400S 4GB HD 500Gb Com Kit
",1608.89
1029,"Computador Desktop Cpu Pc Intel Core i3 8gb Ssd 120gb Windows 10 Original - Teclado e Mouse
",1813.49
715,"Computador i5 8Gb Hd 500Gb USB Wi-Fi pc Barato
",1537.65
279,"Computador Cpu Intel Core I3 4gb ssd 240gb
",1243.12
767,"Computador Icc Processador Amd Fm2 A10 4gb de Ram Ssd 120 Gb Dvdrw
",1775.65
429,"Computador Cpu Pc Core i3 8gb 500gb Hdmi Windows 10 - Home Office!
",1571.7
836,"Computador Desktop Core i3 2ª Geração 8Gb Ram SSD 120Gb Wifi HDMI
",1306.54
852,"Mesa de Computador Pratica com Gaveta Branco - EJ Móveis
",1662.32
862,"Computador Flex Computer Intel Core i3 4GB HD 1Tb Com Kit Windows 10
",1553.09
608,"Computador Desktop Core 2 Duo 8400 3.0Ghz 4Gb Ram SSD 480Gb Wifi
",1379.93
340,"Escrivaninha para Computador com Prateleiras Móvel Artely Branco
",1294.48
626,"Computador E3 Nano J1800 4GB 120GB SSD 46NN1PC0B8NF - Elgin
",1518.19
596,"Computador Desktop Core 2 Duo 8400 3.0Ghz 4Gb Ram SSD 240Gb Wifi
",1375.47
528,"Computador Desktop ICC IV1840C3 Intel Dual Core 2.41ghz 4GB HD 320GB DVDRW Kit Multimídia USB 3.0 HDMI FULLHD
",1617.27
1030,"Mesa Para Computador Ramon 100% Mdf (escrivaninha)
",1405.59
728,"Computador Processador Amd Fm2 A10 6gb de Ram Hd 1 Tb Dvdrw Digital Corp
",1313.98
725,"Computador Icc Processador Amd Fm2 A10 6gb de Ram Hd 500gb Kit Multimídia
",1487.07
720,"Suporte Para Computador Monitor pc Gamer Mesa Home Office Ergonómico Com Apoio de Celular Em Madeira Pinus
",1313.98
162,"Computador Micro Multilaser DT50, AMD R3, 4GB, 1TB, Sem Monitor, Linux, Preto + Kit Teclado e Mouse
",1301.99
255,"Computador Desktop Intel Core i3 500GB hdd 4GB Memória Com Hdmi Pyx One
",1248.2
1117,"Computador business B100 - celeron dual core J1800 2.41GHZ 4GB DDR3 sodimm sem hd/ssd 2 serial 1 paralela fonte 200W
",1607.97
917,"Computador Desktop Flex Computer Dynamic Intel Core i3 3.0GHZ 6Gb de Memória Ram Ddr3 Hd 500Gb Sata 3 com SSD 120Gb
",1656.65
1039,"Computador i3 8Gb de Memoria HD de 500Gb Teclado e Mouse
",1572.32
1151,"Computador Completo I5 8gb HD 1 TB monitor 18,5 LED + Kit multimídia
",1793.04
581,"Computador completo intel 8GB de ram HD 500GB.
",1211.63
55,"Computador Pc Cpu Intel Core i3 4GB HD 500GB Hdmi Windows 10 Desktop
",1218.3
771,"Computador Fácil Intel Core I5 (Terceira Geração) 16GB SSD 240GB
",1408.61
558,"Computador Desktop Cpu Intel Core I3 4gb Ddr3 Ssd 120gb
",1288.04
912,"Computador Flex Computer Intel Core I3-2100 8GB HD 500Gb Com Kit Windows 10
",1539.34
1020,"Computador Icc Processador Amd Fm2 A10 4gb de Ram Ssd 240 Gb Kit Multimídia
",1563.99
1173,"Computador Flex Computer Intel Core i5 8GB SSD 120Gb Com Kit
",1432.74
72,"Computador Completo Monitor 19 Intel Core i5 8GB ssd 240GB Windows 10 Teclado e Mouse
",2138.99
584,"Computador Desktop Core 2 Duo 8400 3.0Ghz 4Gb Ram SSD 120Gb Wifi + Teclado, Mouse e Som
",1418.21
442,"Computador Flex Computer Intel Core i3 4GB HD 1Tb Com Kit e DVDRW
",1400.82
1171,"Mesa Para Computador Escrivaninha de Estudos 3 Prateleiras Castanho - AJL Móveis
",1626.57
461,"Computador Desktop ICC IV1881S Intel Dual Core 2.41ghz 8GB HD 500GB USB 3.0 HDMI FULL HD
",1245.76
151,"Mesa para Computador e Escrivaninha Iris - Off White com Nature - RPM Móveis
",1230.24
648,"Computador Processador Amd Fm2 A10 6gb de Ram Hd 1 Tb Kit Multimídia Digital Corp
",1432.07
89,"Computador Gamer Intel Core i5 8GB HD 500GB (Nvidia Geforce GT) EasyPC Light
",2174.59
430,"Computador TOB Enterprise Fast Intel Core I5 SSD 120GB 4GB Gabinete Preto
",1571.7
902,"Computador Flex Computer Intel Core i3 6Gb SSD 240Gb Com Kit e DVDRW
",1378.45
645,"Computador Flex Computer Intel Core i3 6Gb SSD 240Gb Com Kit
",1432.07
705,"Mesa De Computador Prática Com Gaveta - ej Móveis
",1282.65
337,"Computador Flex Computer Intel Core I3-2100 8GB SSD 120Gb Com Kit
",1301.07
896,"Computador Flex Computer Intel Core I3-2100 4GB HD 500Gb Monitor 19""
",1372.47
594,"Computador intel 8GB HD 500GB teclado E mouse
",1289.9
1011,"Computador Icc Processador Amd Fm2 A8 8gb de Ram Ssd 120 Gb
",1536.09
827,"Computador Pc Cpu Intel Core I5 8GB ssd 240GB Windows 10 Pro Hdmi Desktop
",1542.87
31,"Computador completo intel core I3 6GB HD 500GB monitor 19.5 LED hdmi digital corp
",1706.26
806,"Mesa de Computador Notebook Prática com Gaveta cor Branca
",1450.24
503,"Computador Icc Processador Amd Fm2 A8 4gb de Ram Hd 500gb
",1594.94
1077,"Computador Deutel fx 4100 Memória 4gb ssd 240GB
",1458.73
999,"Computador Desktop Flex Computer Dynamic Intel Core i3 3.0GHZ 4Gb de Memória Ram Ddr3 Hd 1Tb Sata 3 Kit Teclado e Mouse
",1580.9
1185,"Computador Icc Processador Amd Fm2 A8 6gb de Ram Ssd 240 Gb
",1596.14
115,"Pc Computador Cpu Intel Core I5 + Ssd 240gb, 8gb Memória Ram
",2138.99
681,"Computador Flex Computer Intel Core i3 4GB HD 2Tb Com Kit e DVDRW
",1706.55
925,"Computador Icc Processador Amd Fm2 A10 6gb de Ram Hd 1 Tb
",1496.2
1046,"Computador Home cpu Intel Pentium Dual Core G645 2.9GHZ 4GB DDR3 ssd 120GB
",1568.93
2,"Computador Flex Computer Intel Core I5-2400S 4GB SSD 240Gb
",1460.92
978,"Computador Premium Intel Core I3 4gb Hd 500gb Wifi Pc
",1580.07
351,"Computador Processador Amd Fm2 A10 8gb de Ram Hd 500gb Digital Corp
",1529.84
544,"Computador Gamer Deutel I5 2400 8gb HD 500 gb
",1429.41
770,"Computador pc cpu intel core i5 com hdmi 8gb hd 1tb windows 10 desktop - mali brasil
",1316.65
843,"Computador Fácil Slim Intel Core i3 4GB HD 500GB
",1360.28
323,"Computador Flex Computer Intel Core i3 8GB SSD 120Gb
",1326.62
496,"Computador intel 8GB ram HD 500GB com teclado E mouse
",1254.57
1094,"Computador Fácil Intel Core i3 4GB SSD 480GB
",1402.24
541,"Computador Desktop Icc Iv1882k Intel Dual Core 2.41ghz 8gb Hd 1tb Teclado, Mouse, Cx De Som Usb3.0 Hdmi Fullhd
",1419.78
830,"Mesa para Computador Escrivaninha ME4107 Tecno Mobili Branco
",1468.7
299,"Computador Flex Computer Intel Core i3 8GB HD 500Gb Com Kit
",1467.93
996,"Computador Flex Computer Intel Core i3 4GB SSD 120Gb Com Kit e DVDRW Windows 10
",1493.44
712,"Computador Flex Computer Intel Core I3-2100 6Gb HD 500Gb Com Kit Windows 10
",1899.9
753,"Computador Flex Computer Intel Core I3-2100 12GB SSD 120Gb Com Kit
",1486.57
1088,"Computador CELERON DUAL CORE J1800 2.41GHZ 4GB DDR3 SEM HD
",1239.75
256,"Computador Intel Core I3 4gb Ram 500GB Com Hdmi Pyx One
",1262.22
921,"Computador Flex Computer Intel Core i3 4GB HD 2Tb Windows 10
",1380.52
819,"Computador Flex Computer Intel Core I3-2100 4GB SSD 120Gb Com Kit e DVDRW Windows 10
",1534.4
365,"Computador Cpu Intel Core I5 8gb HD 500gb
",1422.8
1022,"Computador Fácil AMD PHENOM 4GB SSD 120GB
",1589.37
891,"Computador Spacebr Celeron Dual Core J1800 / 4gb / Hd500 / Dvd / Linux
",1532.66
51,"Computador All in One Dell Inspiron 5400-M30S LED 23.8"" Full HD 11ª Geração Intel Core i7 16GB 512GB SSD Windows
",6509.07
554,"Computador Cpu Intel Core I5 4gb ssd 480gb
",1246.1
446,"Computador completo intel 8GB ram HD 500GB teclado E mouse
",1404.12
132,"Computador Completo Fácil Intel Core i5 8GB SSD 240GB Monitor 19"" HDMI LED Teclado e Mouse
",2224.39
425,"Computador Fácil AMD PHENOM 4GB HD 500GB
",1571.7
217,"Computador Flex Computer Intel Core i3 8GB HD 500Gb
",1325.15
677,"Mesa de Computador Prática cor Branca
",1448.64
108,"Computador Desktop Dell Vostro 3681-M40 10ª Geração Intel Core i7 8GB 1TB Windows 10
",4946.67
872,"Computador Flex Computer Intel Core i3 8GB HD 500Gb Com Kit Windows 10
",1547.51
1176,"Computador Desktop Core i3 3ª Geração 8Gb Ram SSD 120Gb Wifi HDMI
",1594.49
765,"Computador intel 8GB ram HD 500GB
",1489.04
591,"Computador Desktop Core i3 1ª Geração 4Gb Ram SSD 240Gb Wifi HDMI
",1334.54
224,"Computador Cpu Intel Core I3 4gb SSD 240gb
",1357.8
333,"Computador Desktop Intel Core I5 4ª geração 8gb SSD 240gb *10x mais rápido
",1524.27
114,"Computador Desktop Core i3 1ª Geração 4Gb Ram SSD 240Gb Wifi HDMI
",1422.8
113,"Computador Cpu Gamer Intel 3ª geração 8gb SSD 120gb
",1231.12
815,"Computador Desktop ICC IV1886KW Intel Dual Core 2.41ghz 8GB HD 120GB SSD Kit Multimídia USB 3.0 HDMI FULLHD
",1509.57
123,"Computador Fácil Intel Core i5 9400f (Nona Geração) 8GB DDR4 GeForce Nvidia 1GB HD 500GB
",3719.07
522,"
",1433.52
634,"Computador Desktop I5 2400 3.10 GHz 4gb Hd 500gb 2ª Geração + Kit Teclado e Mouse hdmi Sata
",1268.75
470,"Mesa de Computador Pratica com Gaveta cor Malbec
",1347.57
982,"Computador Intel Core i3 Memória ram 4Gb ssd 120GB
",1580.07
414,"Computador Sff Concórdia Processador Core I5 Memória 8Gb Ssd 240Gb
",1571.7
189,"Computador Desktop Intel Core I5 3ª geração 8gb SSD 240gb *10x mais rápido
",1319.19
407,"Computador Flex Computer Intel Core I3-2100 4GB ssd 120Gb Windows 10
",1394.96
775,"Computador Completo Pc Cpu Intel Core I3 4GB HD 500GB Windows 10 Pro Hdmi Teclado e Mouse
",1343.97
743,"Computador Flex Computer Intel Core i5 4GB HD 1Tb
",1532.25
686,"Mesa Para Computador ou Notebook com Gaveta e Rodízios Prisma - Off White com Freijó
",1341.3
265,"Computador Desktop I3 4gb 240gb Ssd Digital Corp
",1217.7
362,"Computador Intel Core i5 2400, 4GB, HD 500GB, Placa Mãe Esonic 1155 B75FFL - Brazil PC
",1206.15
501,"Computador Cpu Intel I3 4gb Ssd 120gb Hdmi
",1429.41
487,"Computador TOB Enterprise Intel Core i5 HD 500GB 4GB Gabinete Preto
",1288.88
282,"Suporte para Computador / CPU com Rodinhas e Regulagem de Largura Masticmol Preto PC310
",1284.48
603,"Computador intel 8GB HD 500GB teclado E mouse
",1289.9
733,"Computador Flex Computer Intel Core i3 8GB SSD 120Gb Com Kit e DVDRW
",1487.07
588,"Computador Home H100 - Celeron Dual Core J1800 2.41GHZ 4GB DDR3 Sodimm ssd 120GB hdmi/vga
",1289.9
278,"Escrivaninha Andorinha Mesa Notebook Computador
",2138.07
820,"Computador Pc Gamer Amd A6 7400k 4gb 500gb Radeon R5 Integrada
",1532.66
565,"Computador Home Skul H100 Celeron Dual Core J1800 4gb Ddr3 Hd 500gb
",1460.1
907,"Computador Desktop ICC IV1883D Intel Dual Core 2.41ghz 8GB HD 2TB DVDRW  USB 3.0 HDMI FULL HD
",1537.6
463,"Computador Intel Core i5 3.2GHz, ram 4GB, ssd 240GB, wifi, Windows 10
",1603.13
1183,"Computador Desktop Centrium Thinline N3050 Dual Core - 10810
",1608.59
916,"Computador Desktop Core i3 2ª Geração 4Gb Ram SSD 120Gb Wifi HDMI + Teclado, Mouse e Som
",1540.16
646,"Computador I3 8gb Ram Hd 500gb Com Teclado E Mouse
",1440.57
284,"Computador Flex Computer Intel Core I3-2100 4GB SSD 240Gb Com Kit
",1247.52
443,"mesa de computador pratica malbec
",1418.24
694,"Mesa de Computador Escrivaninha para Escritório Linda Viena Malbec
",1456.89
751,"Escrivaninha Para Computador Com Gaveta Moderna Preto Fosco
",1324.11
909,"Computador Desktop Intel Core i5 3.2Ghz Memória 6Gb Ddr3 Hd SSD120GB Sata3 C/ HDMI
",1542.63
1154,"Computador Icc Processador Amd Fm2 A8 8gb de Ram Hd 500gb Dvdrw
",1427.52
400,"Computador Goldentec A-GCL com Intel® Celeron® Dual-Core J1800 2.41GHz 4GB SSD 120GB WiFi
",1380.21
180,"Computador Raspberry Pi 3 B+ (Quad-Core 1.4GHz, 1GB RAM, Wi-fi, Bluetooth, HDMI) kit c/ Gabinete e F
",1432.2
1048,"Computador Compusonic Celeron Ssd 256gb 4gb Hdmi A13ac 38999
",1568.93
956,"Escrivaninha p/ Computador BRV BC 42 Branco
",1580.07
319,"Computador Desktop Intel Core I5 4ª geração 8gb SSD 120gb *10x mais rápido
",1487.07
502,"Computador Processador Amd Fm2 A10 6gb de Ram Ssd 120 Gb Dvdrw Digital Corp
",1594.94
12,"Computador Fácil Intel Core i5 8GB HD 1TB
",1495.15
949,"Computador Desktop Core i3 1ª Geração 8Gb Ram SSD 240Gb Wifi HDMI + Teclado e Mouse
",1550.88
942,"Computador Star Core i5 8gb Hd 1tb Windows 10 - Ótimo p/ Home Office!
",1402.46
484,"Escrivaninha Mesa Home Office 1 Gaveta Computador Branco
",1430.41
616,"Computador Intel Core i5 3.2Ghz Com Hdmi 8GB HD 500GB Windows 10 Wifi Desktop Pc Cpu
",1265.62
330,"Computador Flex Computer Intel Core i3 6Gb HD 500Gb Com Kit e DVDRW
",1288.81
523,"Mesa de Computador Pratica cor Freijó
",1417.31
357,"Computador Desktop I3 8gb Hd 1tb Dvdrw Digital Corp
",1347.97
87,"Computador Fácil Intel Core i5 (Terceira Geração) 8GB SSD 240GB
",1495.15
466,"Computador Concórdia Processador Core I5 Memória 4Gb Ssd 240Gb
",1406.51
950,"Mesa/escrivaninha De Computador Bc75 - Branco
",1552.44
397,"Computador Flex Computer Intel Core I3-2100 10GB HD 500Gb Com Kit
",1367.65
1084,"Computador E3 Nano J1800 4GB 120GB SSD 46NN1PC0B8NF - Elgin
",1202.95
450,"Computador Fácil Intel 4GB SSD 120GB
",1599.6
1099,"Computador Desktop Intel Core I3 3.0ghz Memória 4gb Ddr3 Hd
",1334.81
186,"Escrivaninha Mesa Computador Compact Not 70 com Gaveta Preto com Freijó
",2591.65
37,"Computador Intel Core i5 Com Hdmi 8GB HD 1TB Windows 10 Teclado Mouse Desktop Pc
",1626.57
1096,"Computador Pc Cpu Intel Core I3 4gb Ssd 120gb Windows 10 Pro Hdmi Desktop
",1216.82
86,"Computador Desktop Business Intel Core i7 3.4Ghz/ 16Gb DDR3/SSD 480GB - Flex Computer
",2600.15
1042,"Mesa para Computador Office Morada Branco - Demóbile
",1208.07
88,"Computador Desktop Dell Vostro 3681-M20 10ª Geração Intel Core i5 8GB 1TB Windows 10
",3858.57
1159,"Computador Icc Processador Amd Fm2 A10 4gb de Ram Hd 2 Tb
",1592.18
779,"Computador Icc Processador Amd Fm2 A8 8gb de Ram Hd 500gb
",1367.65
668,"Computador Desktop I3 8gb Hd 2tb Dvdrw Kit Multimídia Digital Corp
",1451.03
167,"Escrivaninha Para Computador Com Armário e 2 Gavetas Elisa Branco - Permóbili Móveis
",2540.65
952,"Computador Processador Amd Fm2 A10 6gb de Ram Hd 2 Tb Kit Multimídia Digital Corp
",1556.57
762,"Computador Pc Intel Core i3 3ºGer. 4GB HD 500GB wifi
",1504.73
1134,"Computador Flex Computer Intel Core I5-2400S 10GB SSD 120Gb
",1440.4
248,"Computador pc Pyx One Intel Core i3 3.3GHZ DDR3 4GB Hdmi HD 500GB
",1301.07
623,"Computador Desktop Cpu Intel Core I3 4gb Ddr3 Ssd 120gb
",1390.34
748,"Computador Flex Computer Intel Core I3-2100 4GB HD 500Gb Com Kit e DVDRW Windows 10
",1481.54
43,"Computador Intel Core i5 8GB HD 1TB Hdmi Windows 10 Desktop Pc
",1589.37
482,"Computador Cpu Intel Core I3 4gb HD 1TB
",1384.65
309,"Computador Flex Computer Intel Core I3-2100 6Gb HD 1Tb
",1288.81
1087,"Computador Pc Cpu Intel Core I5 4GB ssd 120GB Windows 10 Pro Hdmi Desktop
",1248.29
261,"Computador Desktop I3 4gb 240gb Ssd Dvdrw Digital Corp
",1348.49
821,"Mesa de computador estudo 4 prateleira estilo cavalete off white
",1534.5
884,"Computador Flex Computer Intel Core I3-2100 12GB HD 1Tb
",1374.25
336,"Mesa Para Computador Escrivaninha Completa Tabaco
",1291.43
197,"Mesa de Computador Marrocos Branco - Comprar Moveis Em Casa
",1214.47
403,"Computador Processador Amd Fm2 A10 6gb de Ram Ssd 120 Gb Kit Multimídia Digital Corp
",1377.65
412,"Computador Flex Computer Intel Core i3 6Gb SSD 240Gb
",1619.26
724,"Computador Icc Processador Amd Fm2 A10 4gb de Ram Hd 500gb Kit Multimídia Dvdrw
",1425.91
307,"Mesa Para Computador Melissa
",1319.11
613,"Computador Fácil Slim Intel Core i3 8GB SSD 120GB
",1334.54
869,"Computador Flex Computer Intel Core I3-2100 4GB SSD 240Gb Com Kit Windows 10
",1524.41
182,"Computador Fácil AMD ATHLON 3000G 8GB DDR4 2666Mhz HD 500GB Radeon Vega 3
",1422.8
795,"Computador Fácil Intel Core i3 4GB HD 1TB
",1316.65
1006,"Computador Flex Computer Intel Core I3-2100 6Gb HD 1Tb Windows 10
",1402.46
1155,"Computador Icc Processador Amd Fm2 A10 6gb de Ram Hd 1 Tb Kit Multimídia
",1654.47
960,"Computador Flex Computer Intel Core I3-2100 12GB SSD 240Gb
",1764.21
525,"Mesa para Computador com 1 Gaveta Cléo Fosco – Permóbili - Mel
",1347.57
670,"Computador Flex Computer Intel Core i3 4GB SSD 120Gb Com Kit Windows 10
",1459.17
962,"Escrivaninha para Mesa de Computador Suspensa De Estudos
",1557.48
808,"Computador Desktop Intel Core i3 3.0Ghz Memória 6Gb Ddr3 Hd 500 Sata3 C/ HDMI
",1347.09
1124,"Computador Icc Processador Amd Fm2 A8 4gb de Ram Hd 500gb Kit Multimídia Windows 10
",1332.97
9,"Computador All in One Dell Inspiron 5400-M10S 23.8"" Full HD 11ª G. Intel Core i5 8GB 256GB SSD Windows 10
",5114.07
829,"Computador Flex Computer Intel Core I5-2400S 8GB HD 500Gb Com Kit
",1515.43
678,"Computador Desktop Intel Core i3 3.0Ghz 550 Memória 6Gb DDR3 HD 2TB
",1287.88
850,"Computador Fácil Super Slim Intel 4GB SSD 64GB
",1522.02
52,"Kit Computador Desktop Dell Vostro 3681-M20M 10ª Geração Intel Core i5 8GB 1TB Windows 10 + Monitor 21""
",4630.47
243,"Interface para Computador de Mergulho Cressi Bluetooth
",1422.8
1144,"Computador Corporativo Fácil Barato Intel Core i3 8GB HD 500GB Geforce 2gb
",1886.82
794,"Mesa Dobrável para Computador C27 Freijó Dalla Costa
",1505.45
310,"Computador Cpu Intel Core I3 8gb 500gb
",1478.69
813,"Computador Flex Computer Intel Core I3-2100 10GB HD 1Tb Com Kit
",2248.73
1129,"Computador Business B100 - Celeron Dual Core J1800 2.41ghz 4
",1584.6
364,"Computador Desktop Flex Computer Dynamic Intel Core i3 3.0GHZ 6Gb de Memória Ram Ddr3 Hd 500Gb Sata 3
",1488.0
23,"Computador All in One Ultra, com Windows 10 Home, Processador Intel Pentium, Memória 4GB ram e 500GB hdd, Tela 23,8 Pol. hd, Branco - UB821
",2844.77
420,"Computador I3 6gb de Ram Ssd 240 Gb Windows 10 Digital Corp
",1571.7
773,"Computador Processador Amd Fm2 A10 4gb de Ram Ssd 240 Gb Kit Multimídia Dvdrw Digital Corp
",1447.22
890,"Computador Home H100 - Celeron Dual Core J1800 2.41ghz 4gb Ddr3 Sodimm Hd 500gb Hdmi/vga Fonte 200w
",1531.92
885,"Computador Flex Computer Intel Core I3-2100 8GB SSD 240Gb Com Kit e DVDRW
",1202.47
593,"Computador Desktop Intel 2.6GHz 8GB ssd 120GB Windows 10 Hdmi Teclado e Mouse
",1273.17
964,"Computador Flex Computer Intel Core I3-2100 4GB SSD 120Gb Monitor 15""
",1553.35
730,"Computador Completo Pc Cpu Monitor 19"" Intel Core i3 Hdmi 4GB SSD 120GB Windows 10 com Teclado e Mouse Desktop
",1487.07
302,"Computador Flex Computer Intel Core i3 4GB HD 2Tb
",1310.52
346,"Computador Fácil Intel Core i3 4GB SSD 240GB
",1444.15
410,"Computador Cpu Intel Core I5 4gb SSD 120gb
",1393.4
692,"Computador Desktop Flex Computer Dynamic Intel Core i3 3.0GHZ 4Gb de Memória Ram Ddr3 Hd 500Gb Sata 3 com SSD 120Gb
",1455.24
595,"Computador intel 8GB ram HD 500GB com teclado E mouse
",1291.77
1014,"Escrivaninha p/ Computador BRV BC 42 Branco
",1764.21
1145,"Computador Flex Computer Intel Core I3-2100 12GB SSD 240Gb Com Kit
",1594.58
1140,"Computador Desktop Flex Computer Dynamic Intel Core i5 3.20Ghz 6Gb Memória Ram Ddr3 Hd 500Gb Sata III Gravador de DVD
",1589.55
1163,"Mesa para Computador com 2 Prateleiras 160 Artely Branco
",1428.87
624,"Computador Flex Computer Intel Core I3-2100 6Gb HD 500Gb Windows 10
",1394.07
507,"Computador Corporate Intel Core 2 Duo E8400 4gb de Ram Ssd 120 Gb Kit Multimídia
",1414.84
137,"Computador Intel Core i5 4GB HD 500GB Hdmi Windows 10 Wifi Desktop Pc
",5141.97
881,"Computador Flex Computer Intel Core I5-2400S 6Gb HD 500Gb Com Kit e DVDRW
",1530.27
763,"Computador Flex Computer Intel Core i5 8GB HD 500Gb
",1327.24
49,"Computador Intel Core i3 Com Hdmi 4GB HD 500GB Windows 10 Desktop Pc
",1218.3
3,"Computador Desktop Intel Core I5 8gb HD de 1tb
",1319.9
998,"Computador Pc Cpu Intel Core i5 Com Hdmi 8GB HD 1TB Windows 10 Desktop - Roca Forte
",1756.77
316,"Computador Flex Computer Intel Core I3-2100 6Gb HD 500Gb Com Kit e DVDRW
",1356.21
726,"Computador Desktop Business Intel Core i5 3.2Ghz /8Gb DDR3 / HD 500GB
",1766.07
548,"Computador Pc Cpu Intel 2.6GHz 8GB ssd 120GB Windows 10 Teclado e Mouse
",1431.27
1175,"Mesa para Computador bc 42 - brv Móveis - Branco
",1594.49
540,"Computador Desktop ICC IV1881D Intel Dual Core 2.41ghz 8GB HD 500GB DVDRW  USB 3.0 HDMI FULL HD
",1660.05
738,"Computador Desktop Intel Core i3 3.0Ghz Memória 6Gb Ddr3 Hd SSD120GB Sata3 C/ HDMI
",1476.59
1101,"Computador CELERON DUAL CORE J1800 2.41GHZ 4GB DDR3 SEM HD/S
",1372.49
148,"Computador Intel i3 HD 4GB de ram ssd 120GB Windows 10 pro
",2804.15
1054,"Computador Flex Computer Intel Core i5 4GB HD 2Tb Com Kit
",1281.64
788,"Mesa de computador estudo 4 prateleira estilo cavalete branco
",1500.5
405,"Computador Flex Computer Intel Core I3-2100 4GB SSD 240Gb Com Kit e DVDRW
",1380.12
570,"Mesa de Computador Prática com Gavetas Branca
",1282.47
631,"Mesa Computador Estrela Com Gaveta e Nicho cor Branco - Jm Casa dos Móveis
",1617.27
680,"Computador Flex Computer Intel Core I3-2100 6Gb HD 1Tb Com Kit e DVDRW
",1487.9
1137,"Mesa p/Computador Tecno Mobili ME-4107 Branco
",1585.42
1110,"Computador Flex Computer Intel Core i3 4GB HD 2Tb Com Kit Windows 10
",1602.4
602,"Computador Desktop Intel 2.6GHz 8GB ssd 120GB Windows 10 Hdmi Teclado e Mouse
",1273.17
963,"Computador Processador Amd Fm2 A10 4gb de Ram Ssd 240 Gb Windows 10 Digital Corp
",1580.9
140,"Computador Cpu Intel Core I3 4gb 500gb
",1350.65
129,"Cpu Pc Computador Gamer Intel I5 8gb Ssd 120gb Gt610 2-gb
",1230.8
636,"Mini Computador Business B100 - Celeron Dual Core J1800 2.41ghz 4gb Ddr3 Sodimm Sem Hd Hdmi/vga Font
",1271.18
321,"Computador Cpu Desktop Core i3 4gb 1tb Hdmi - Ubuntu Linux!
",1329.91
250,"Computador E3 Nano J1800 4GB 120GB SSD 46NN1PC0B8NF - Elgin
",1385.69
990,"Computador Intel Core I3 4GB ssd 120GB Windows 10 Teclado e Mouse
",1561.51
537,"Mesa de Computador Prática com Gavetas Malbec
",1216.86
19,"Computador completo I3 6GB HD 500GB monitor 19.5 LED digital info
",1586.82
491,"Computador Desktop Intel Core i3 8GB ssd 120GB Windows 10 Hdmi Teclado e Mouse
",1289.9
653,"Computador Desktop Core i3 2ª Geração 4Gb Ram SSD 120Gb Wifi HDMI + Teclado e Mouse
",1608.89
1125,"Computador Flex Computer Intel Core I3-2100 12GB HD 1Tb Com Kit
",1602.82
1160,"Computador Desktop Core i3 1ª Geração 16Gb Ram SSD 240Gb Wifi HDMI
",1590.46
708,"Computador Icc Processador Amd Fm2 A10 4gb de Ram Hd 1 Tb
",1460.92
16,"Computador Pc Cpu Completo Intel Core I5 8gb 2tb Windows 10 Monitor 19 Kit Bestpc
",2336.36
63,"Computador Pc Cpu Completo Intel Core I3 4gb 500gb Monitor 19 Led Hdmi Bestpc
",1547.77
427,"Computador Cpu Pc Desktop Core i5 4gb Ram Hd 500gb Windows 10 Pró - c/ Leitor de Dvd + Teclado e Mouse
",1576.35
1016,"Computador Home Celeron Dual Core J1800 Sem Hdssd Fonte 200w
",1401.71
959,"Computador Cpu Desktop Pc Star i5 8gb Ram Hd 500gb Windows 10 Pró - Programas Básicos - Gravador de DVD
",1551.62
866,"Computador Processador Amd Fm2 A10 4gb de Ram Ssd 120 Gb Windows 10 Dvdrw Digital Corp
",1523.67
272,"Mesa De Computador Pratica Freijó
",1481.36
1061,"Computador Deutel Core I5 Memória 4gb HD 500
",1776.47
314,"Computador Concórdia Processador Core I5 Memória 4Gb Ssd 120Gb
",1314.99
676,"Computador Concórdia Processador Core I5 Memória 8Gb Ssd 120Gb
",1448.56
976,"Computador Fácil AMD PHENOM 4GB SSD 240GB
",1580.07
582,"Mesa Computador Quarto Escritorio Pratica - ej Móveis
",1429.41
404,"Computador Cpu Intel Core i3 4GB ssd 120GB Windows 10 Hdmi Teclado e Mouse
",1338.6
854,"Computador Fácil Intel Core I5 (Terceira Geração) 4GB SSD 240GB
",1475.44
769,"Computador Flex Computer Intel Core i3 4GB HD 500Gb Com Kit e DVDRW Windows 10
",1446.58
663,"Computador Processador Amd Fm2 A10 6gb de Ram Ssd 240 Gb Digital Corp
",1446.08
641,"Computador Desktop Digital Corp Intel Core I5 32 Ghz 4gb Hd 2tb Kit Multimídia Hdmi Full Hd
",1430.5
944,"Computador Corporate Intel Core 2 Duo E8400 4gb de Ram Hd 500 Gb Windows 10
",1570.77
102,"Computador Pc Cpu Gamer Amd A12 8gb Ssd 120gb Kit Monitor 19 Led Hdmi Placa de Vídeo Radeon R7 Serie
",22950.0
1118,"Computador Home H100 - Celeron Dual Core J1800 2.41ghz Mem 4gb Ddr3 Sodimm Sem Hd/ssd Hdmi/vga Fonte 200w
",1419.48
759,"Computador Flex Computer Intel Core I5-2400S 4GB SSD 120Gb Com Kit e DVDRW
",1487.39
300,"Mesa de Computador Pratica com 1 Gaveta Branco ej Móveis
",1307.65
1156,"Super Computador Core i5 650 3.2ghz 4gb Ram DDR3 Hd 500gb _ SSd 120gb Windows 10 Dvd - Pacote de Programas
",1587.9
689,"Computador Flex Computer Intel Core I5-2400S 4GB HD 500Gb Com Kit e DVDRW
",1453.58
380,"Computador Flex Computer Intel Core i3 8GB SSD 120Gb Com Kit
",1323.0
654,"Mesa de Computador Prática cor Freijó
",1436.19
1116,"Mesa para Computador/Notebook C/01 Gaveta ajl Preto - ajl Móveis
",1425.45
35,"Computador Cpu Intel Core I5 8gb Ssd 480gb
",1671.12
326,"Computador Fácil Intel Core i5 8GB SSD 120GB
",1327.44
913,"Computador Flex Computer Intel Core I5-2400S 6Gb SSD 240Gb
",1389.2
1167,"Computador Icc Processador Amd Fm2 A10 4gb de Ram Hd 1 Tb Kit Multimídia Dvdrw
",1591.2
485,"Computador Flex Computer Intel Core i5 6Gb HD 500Gb
",1301.9
993,"Computador Pc Cpu Intel Core I3 4GB ssd 120GB Windows 10 Pro Hdmi Desktop
",1598.67
69,"Computador Pc Cpu Completo Intel Core I5 8gb 500gb Monitor 19 Led Hdmi Bestpc
",1855.05
192,"Mesa para Computador / Gamer Play Preto Fosco
",1274.15
297,"Computador Star Home Office Core i3 8GB 500GB Hdmi Linux.
",1299.41
76,"Computador Completo Intel i3 4GB de ram ssd 120GB Windows 10 pro Monitor 18,5 + Teclado e Mouse
",1766.06
1165,"Computador Flex Computer Intel Core i3 4GB SSD 240Gb Com Kit Windows 10
",1453.15
818,"Computador Intel Core I5 3.2ghz Com Hdmi 8gb Hd 500gb Dvd
",1248.27
671,"Computador Desktop Core i3 1ª Geração 4Gb Ram SSD 120Gb Wifi HDMI + Teclado, Mouse e Som
",1443.3
590,"Computador desktop icc vision IV1846DW intel dual core 2.41GHZ 4GB HD 120GB ssd dvdrw windows 10
",1334.54
116,"Computador Completo Pc Cpu Monitor 19 Intel Core i5 8GB ssd 240GB Hdmi Windows 10 Teclado e Mouse
",1316.65
637,"Mesa Para Computador Artely Matrix
",1386.49
984,"Computador Cpu Intel 3.3Ghz 4GB ssd 120GB Windows 10 Hdmi Teclado Mouse
",1580.07
335,"Computador Desktop Cpu Montada i5 4gb Ram 120gb de SSd Hdmi Linux Ubuntu Teclado, Mouse e Wifi
",1330.65
1068,"Mini Computador Business B100 - Celeron Dual Core J1800 2.41ghz 4gb Ddr3 Sodimm Hd 500gb Hdmi/vga Fonte Ext. 60w
",1412.92
1043,"Computador IdealPC Intel Core I3 550 4GB ssd 120GB linux - IdealPC iHome 5504G120G
",1301.9
242,"Computador Flex Computer Intel Core I3-2100 6Gb HD 500Gb Com Kit
",1299.21
1080,"Computador Completo Pc Cpu Intel Core I3 4GB ssd 240GB Windows 10 Pro Hdmi Teclado e Mouse
",1577.18
842,"Computador Icc Processador Amd Fm2 A10 6gb de Ram Hd 1 Tb Kit Multimídia Dvdrw
",1518.64
111,"Computador Desktop Intel Core I3 8gb SSD 240gb *10x mais rápido*
",1311.11
244,"Computador Core i3 4gb 120gb de SSd Linux Ubuntu
",1256.53
122,"Mesa para Computador  Malta 4 Gavetas Castanho - Politorno
",2540.65
201,"Computador de mesa barato I3 4GB ssd 120GB
",7439.07
1112,"Computador Gamer I5 8gb Hd 500 Gforce 2gb Wifi
",1364.07
893,"Escrivaninha para Computador Morada 1 Porta 1 Gaveta Amendola Grafito Demóbile
",1372.48
1091,"Computador Cpu Intel I3 4gb Ssd 120gb Hdmi
",1281.64
688,"Mesa de Computador Prática cor Malbec
",1465.96
402,"Computador Flex Computer Intel Core i3 6Gb HD 2Tb
",1208.07
417,"Computador Flex Computer Intel Core I3-2100 8GB HD 500Gb Com Kit e DVDRW
",1571.7
8,"Computador Intel Core i5 3.2Ghz 8GB HD 500GB Windows 10 Pro Wifi Desktop Pc
",1348.95
760,"Computador Icc Processador Amd Fm2 A8 4gb de Ram Ssd 120 Gb Dvdrw
",1291.16
131,"Computador Completo Pc Monitor 19 Intel Core i5 Hdmi 4GB HD 250GB Windows 10 Teclado e Mouse
",2124.15
647,"Computador I3 8gb Ram Hd 500gb Com Teclado E Mouse
",1464.75
1172,"Computador Flex Computer Intel Core I5-2400S 4GB SSD 240Gb Com Kit e DVDRW
",1626.57
935,"Mesa de Computador Branco Brilho – AJL
",1383.64
986,"Computador Intel Core i3 Memória ram 4Gb ssd 120GB
",1580.07
1149,"Computador Desktop Dell Optiplex 390 Intel Pentium G850 Ram 4gb Hd 500gb
",1425.45
579,"Computador Desktop ICC IV1840D2 Intel Dual Core 2.41ghz 4GB HD 250GB DVDRW USB 3.0 HDMI FULL HD
",1208.07
1001,"Computador Deutel Core I5 Memória 8gb HD 500
",1558.22
876,"Computador Flex Computer Intel Core I3-2100 8GB HD 2Tb
",1528.53
478,"Mesa de Computador Pratica cor Malbec
",1414.75
193,"Escrivaninha Pratica para computador cor Branco Comprar Moveis Em Casa
",1244.91
1035,"Computador Icc Processador Amd Fm2 A10 6gb de Ram Ssd 120 Gb Dvdrw
",1405.59
1049,"Computador Desktop Intel Core i3 500GB hdd 4GB Memória Com Hdmi Pyx One
",1569.02
327,"Computador Flex Computer Intel Core I3-2100 6Gb SSD 240Gb
",1326.62
1095,"Computador Fácil Slim Amd Phenom 4gb Ssd 120gb
",1376.4
1038,"Computador i5 8Gb Hd 500Gb Teclado e Mouse USB Wi-Fi
",1301.07
235,"Computador Flex Computer Intel Core i3 4GB SSD 120Gb Com Kit
",1234.38
639,"Computador Flex Computer Intel Core i3 8GB HD 1Tb Com Kit
",1792.85
683,"Computador Icc Processador Amd Fm2 A8 4gb de Ram Ssd 120 Gb Kit Multimídia
",1521.2
489,"Mesa Computador Quarto Escritorio Pratica Freijó - ej Móveis
",1225.93
1083,"Computador Flex Computer Intel Core I5-2400S 6Gb SSD 240Gb Com Kit
",1312.63
434,"Mesa para Computador Morada Amêndola Grafito – Demóbile
",1395.05
868,"Mesa para Computador Office Morada Demóbile Amendola/Grafito
",1524.5
411,"Computador Flex Computer Intel Core I3-2100 4GB HD 500Gb Com Kit Windows 10
",1384.33
268,"Computador Dual Core Lga 1155 Memoria 8GB DDR3 Fonte 200w HD500GB ssd 120GB wifi
",1230.85
516,"Computador completo intel 8GB de ram HD 500GB.
",1240.15
101,"Computador Completo Fácil Intel Core i3 4GB HD 500GB Monitor 19"" HDMI LED Teclado e Mouse
",1775.65
48,"Computador Intel Core i3 Com Hdmi 4GB ssd 240GB Windows 10 Desktop Pc
",1356.87
1019,"Computador Desktop Cpu Pc Star i5 3.2 Ghz 4gb Hd 1tb Hdmi Windows 10 Pró c/ Pacote de Programas
",1562.42
1174,"Computador Completo Intel Core i5 Com Hdmi Dvd 8GB HD 500GB Windows 10 Teclado Mouse Desktop Pc Wifi Mali Brasil
",1432.74
1,"Computador Intel Core i5 Com Hdmi 8GB SSD 240GB Windows 10 Desktop
",1464.75
356,"Computador Fácil Slim Intel Core i5 8GB SSD 480GB
",1347.14
226,"Computador Bematech Elgin Rc8400n Zion 4gb Ssd120gb
",1608.89
370,"Computador Flex Computer Intel Core I5-2400S 6Gb HD 500Gb
",1359.6
848,"Computador Corporate I3 4gb 240gb Ssd Dvdrw Windows 10
",1717.71
258,"Computador Flex Computer Intel Core I3-2100 8GB HD 500Gb
",1334.54
369,"Computador Cpu Intel Core I5 8gb HD 1tb
",1361.16
801,"Computador Icc Processador Amd Fm2 A8 4gb de Ram Hd 1 Tb Kit Multimídia
",1511.3
752,"Computador Flex Computer Intel Core I3-2100 4GB HD 1Tb Windows 10
",1324.11
758,"Computador Flex Computer Intel Core I3-2100 4GB SSD 480Gb Com Kit
",1407.12
187,"Computador Desktop Core i5 3ª Geração 8Gb Ram SSD 480Gb Wifi HDMI + Teclado e Mouse
",1363.12
1148,"Mesa p/Computador Tecno Mobili ME-4107 Branco
",1617.27
119,"Computador  All in One Positivo Union US7565 Intel Core i3 4GB 1TB Tela LED 23,6"" - Windows 10
",2379.15
932,"Computador Fácil Intel Core I3 2.93ghz 8GB DDDR3 HD 500GB
",1570.77
749,"Computador Montado Star Intel Core i3 4gb 240gb Hdmi Windows 10 - Home Office!
",1483.19
28,"Computador Intel Core i5 Com Hdmi 8GB ssd 240GB Windows 10 Desktop - Mali Brasil
",1533.57
75,"Computador Desktop Business Intel Core i7 3.4Ghz /16Gb DDR3 / HD 2TB / Monitor LED
",3152.65
1093,"Computador home H100 celeron dual core J1800 2.41GHZ mem 4GB DDR3 sem hd/ssd hdmi/vga fonte 200W
",1360.98
73,"Computador Goldentec F-GCLAMD Ryzen 3 2200G PRO 3.5GHz 4GB SSD 240GB
",2045.9
805,"Computador Desktop Flex Computer Dynamic Intel Core i3 3.0GHZ 4Gb de Memória Ram Ddr3 Hd 500Gb Sata 3 com SSD 120Gb Kit Teclado e Mouse
",1426.3
1074,"Computador de Entrada em Órbita
",1573.97
1109,"Usado: Computador Dell 380 - Core 2 Duo E7500 - 4gb ddr3 - HD 160gb
",1578.0
735,"Computador Deutel Gamer I3 2120 Mem 8GB HD 500GB
",1488.0
138,"Kit Computador Desktop Dell Vostro 3681-M30M 10ª Geração Intel Core i5 8GB 256SSD Windows 10 + Monitor 23.8
",4277.07
687,"Computador Desktop Intel Core i5 3.2Ghz Memória 6Gb DDR3 HD 1TB Sata3
",1453.5
452,"Computador NewEra E3 J1800, 4GB, 500GB, Windows 10 IoT, 46NEMPCAA0NF - Elgin 
",1429.41
378,"Computador Flex Computer Intel Core i3 6Gb HD 1Tb Com Kit
",1366.19
542,"Mesa de Computador Prática Branca
",1289.9
406,"Computador Processador Amd Fm2 A10 4gb de Ram Ssd 120 Gb Kit Multimídia Dvdrw Digital Corp
",1444.15
1105,"Computador de Mesa - Celeron Dual Core J1800 2.41ghz Mem 4gb Ddr3 Sodimm Sem Hd/ssd Hdmi/vga Fonte 200
",1577.26
931,"Mesa Escrivaninha Desmontável Isabele 100% Mdf (computador)
",1544.2
227,"Interface para Computador de Mergulho Cressi Goa Neon Cartesio
",1203.68
804,"Computador Desktop Intel Dual Core 4GB 500GB hdmi Windows 10 Pro Preto Everex Computer
",1511.3
426,"Computador Desktop Core 2 Duo 8400 3.0Ghz 8Gb Ram SSD 120Gb Wifi + Teclado e Mouse
",1325.43
977,"Computador Flex Computer Intel Core I3-2100 6Gb HD 500Gb Com Kit e DVDRW Windows 10
",1495.12
454,"Computador Flex Computer Intel Core I3-2100 8GB SSD 240Gb
",1350.65
488,"Computador Goldentec A-GCW10ENTRY com Intel Celeron Dual-Core J1800 2.41GHz 4GB ssd 120GB Windows 10 sl Home Entry WiFi
",1429.41
1131,"Computador Home H100 - Celeron Dual Core J1800 2.41ghz 4gb Ddr3 Sodimm Hd 500gb Hdmi/vga Fonte 200w
",1859.9
15,"computador all in one lg 21.5 full hd w10 home celeron 4gb ram e 500gb hd 22v280-l.by31p1 branco
",2519.1
1120,"Computador de mesa barato I3 4GB ssd 120GB
",1584.6
997,"Computador Deutel amd A6 9500 Mem 4gb HD 500 gb
",1756.77
908,"Mesa para Computador 1 Gaveta System Valdemóveis
",1537.6
465,"Computador Pc Cpu Intel Core i3 4GB ssd 120GB Hdmi Windows 10
",1394.9
100,"Computador Cpu Intel Core I5 8gb ssd 480gb
",1444.15
882,"Mesa de Computador Notebook Prática com Gaveta cor Malbec
",1369.35
1113,"Computador Flex Computer Intel Core I5-2400S 12GB HD 500Gb
",1292.97
938,"Computador Icc Processador Amd Fm2 A10 4gb de Ram Hd 1 Tb Dvdrw
",1521.0
898,"Computador Completo Pc Cpu Intel Core I3 4GB ssd 120GB Windows 10 Pro Hdmi Teclado e Mouse
",1546.15
1082,"Computador Pc Cpu Intel Core I3 8GB ssd 120GB Windows 10 Pro Hdmi Desktop
",1536.0
118,"Computador PC CPU Intel Core i5 HDMI 8GB HD 500GB Sistema operacional completo Desktop PC CorPC Standard
",2603.07
57,"Computador Pc Cpu Intel Core i3 4GB ssd 240GB Hdmi Windows 10 Desktop
",1356.87
419,"Computador Pc Desktop Cpu Montada Core i5 4gb Hd 500 Windows 10 Original - Teclado e Mouse - c/ Gravador de DVD
",1392.49
1135,"Computador Flex Computer Intel Core i5 6Gb HD 1Tb Com Kit
",1585.51
1126,"Computador Flex Computer Intel Core i5 4GB SSD 240Gb Com Kit
",1435.75
422,"Computador Cpu Desktop Pc Core i5 4gb Ram 500gb de Hd Windows 10 Pró - Teclado e Mouse - Programas Básicos
",1394.99
1150,"Computador Flex Computer Intel Core i3 6Gb HD 500Gb Monitor 15""
",1425.75
904,"Computador Desktop I3 8gb Hd 1tb Dvdrw Windows 10 Digital Corp
",1452.65
1067,"Computador Desktop Flex Computer Dynamic Intel Core i3 3.0GHZ 4Gb de Memória Ram Ddr3 Hd 1Tb Sata III com SSD 120Gb
",1429.29
415,"Computador Pc Cpu Intel Core i5 Hdmi 8GB ssd 240GB conect pc
",1391.67
1138,"Computador Desktop ICC IV1883C Intel Dual Core 2.41ghz 8GB HD 2TB DVDRW, teclado, mouse, cx de som USB3.0 HDMI FULLHD
",1585.42
325,"Computador Flex Computer Intel Core i3 4GB SSD 120Gb Com Kit e DVDRW
",1324.06
839,"Computador Completo Pc Cpu Intel Core I3 8GB HD 500GB Windows 10 Pro Hdmi Teclado e Mouse
",1515.43
799,"Computador Fácil Intel Core i3 8GB HD 1TB
",1460.85
292,"Computador Processador Amd Fm2 A10 4gb de Ram Ssd 120 Gb Kit Multimídia Digital Corp
",1446.38
1070,"Computador Fácil Slim Amd Phenom 4gb Ssd 240gb
",1254.57
391,"Computador Flex Computer Intel Core I3-2100 10GB SSD 120Gb
",1230.24
409,"Computador Flex Computer Intel Core I3-2100 8GB HD 1Tb
",1385.07
710,"Computador Desktop Core i3 2ª Geração 4Gb Ram SSD 240Gb Wifi HDMI
",1310.85
864,"Mesa para Computador 90cm Branco Fosco - EI074
",1523.59
54,"Computador PC CPU Completo Intel Core i5 8Gb 320Gb Kit Monitor 19 LED HDMI BestPC
",1899.3
105,"Computador Fácil Intel Core I5 (Terceira Geração) 8GB HD 1TB
",1580.15
1184,"Computador Desktop Core i3 1ª Geração 16Gb Ram SSD 120Gb Wifi HDMI + Teclado e Mouse
",1626.57
778,"Computador Desktop Core i3 1ª Geração 8Gb Ram SSD 240Gb Wifi HDMI
",1495.64
698,"Computador Flex Computer Intel Core i3 6Gb HD 500Gb Com Kit Windows 10
",1302.17
1133,"Mesa de Computador Pixel Branco - Artely
",1423.68
0,"Pc Computador Cpu Intel Core I5 + Ssd 240gb, 8gb Memória Ram
",1394.07
768,"Computador Flex Computer Dynamic Intel Core i3 3.0Ghz 8Gb Memória Ram Ddr3 Hd 1Tb Sata 3
",1394.07
577,"Computador Pc Intel 2.6GHz 4GB ssd 120GB Windows 10 Hdmi Teclado Mouse
",1289.9
612,"Computador Desktop I3 6gb de Ram Hd 1tb Windows 10 Digital Corp
",1580.07
600,"Computador Desktop Core i3 1ª Geração 4Gb Ram SSD 240Gb Wifi HDMI
",1334.54
1062,"Computador Processador Amd Fm2 A10 6gb de Ram Ssd 240 Gb Kit Multimídia Dvdrw Digital Corp
",1575.61
786,"Computador Cpu Core i5 4gb Ram Hd 500gb Hdmi Windows 10 - StarPC.
",1498.03
968,"Computador Intel Core I5 3.2 8gb Hd 500gb Dvd Teclado Mouse
",1392.32
158,"Computador Gamer BLAZE AMD A6-7400 Séries, RAM 4/8GB, SSD, AMD Radeon, Windows 10
",1952.07
27,"Computador All in One Dell Inspiron 5400-M20S 23.8"" Full HD 11ª G. Intel Core i7 8GB 256GB SSD Windows 10
",5765.07
273,"Computador Fácil Intel Core I5 (Terceira Geração) 8GB HD 500GB
",1282.92
937,"Computador Desktop Core i3 3ª Geração 4Gb Ram SSD 240Gb Wifi HDMI
",1762.35
814,"Computador Flex Computer Intel Core I5-2400S 8GB SSD 120Gb
",1534.4
50,"Computador Pc Cpu Intel Core i5 8GB SSD 128GB Hdmi Windows 10 Wifi Desktop - Roca Forte
",1459.17
401,"Mesa Para Computador Notebook PC Gamer Destiny F01 Preto - Lyam Decor
",1335.55
247,"Computador Flex Computer Intel Core i3 4GB HD 500Gb Com Kit
",1279.53
455,"Computador Intel Core i3 8GB ssd 120GB Windows 10 Teclado e Mouse
",1495.12
983,"Computador Cpu Intel Core i3 4GB ssd 120GB Windows 10 Hdmi Teclado Mouse
",1580.07
586,"Computador Pc Cpu Intel Core i3 8GB ssd 120GB Windows 10 Teclado e Mouse
",1242.65
1102,"Computador Desktop Intel Duo Core 2.41GHz, 4GB DDR3, SSD 120GB
",1333.65
662,"Computador Desktop Cpu Montada i5 4gb SSd 120gb Windows 10 Pró - Teclado e Mouse
",1627.6
685,"Computador intel I5 8GB HD 500GB
",1452.68
860,"Computador Desktop Core i3 1ª Geração 4Gb Ram SSD 240Gb Wifi HDMI + Teclado, Mouse e Som
",1521.94
906,"Computador Pc Cpu Intel Core I3 8GB ssd 240GB Windows 10 Pro Hdmi Desktop
",1476.64
1188,"Computador Flex Computer Intel Core i3 6Gb HD 500Gb Monitor 19""
",1557.75
914,"Computador Flex Computer Intel Core i3 8GB HD 1Tb Com Kit e DVDRW
",1389.2
727,"Computador Flex Computer Intel Core I3-2100 6Gb HD 2Tb
",1471.64
614,"Mesa de Computador Studio 900 Louro Freijo/Metalic Sued Caemmun Móveis
",1423.0
77,"Computador completo I3 7ª gen 8GB HD 500GB windows 10 monitor LED 19.5 digital info
",2614.13
811,"Computador Icc Processador Amd Fm2 A8 4gb de Ram Ssd 240 Gb
",1347.42
958,"Computador Home Office Intel Core I3 4GB ssd 120GB Windows 10 Teclado e Mouse
",1505.36
4,"Computador Completo Pc Cpu Monitor 19"" Intel Core i3 Hdmi 4GB HD 500GB Windows 10 com Teclado e Mouse Desktop Wi-Fi
",1781.3
165,"Computador Newera E3 nano Dual Core J1800 4GB ram HD 500GB Elgin
",1418.24
840,"Computador Fácil Intel 4GB HD 320GB
",1545.11
657,"Computador Intel Core i5 3.2Ghz 8GB ssd 240GB HD 1TB Hdmi Windows 10 Pro Wifi
",1291.0
941,"Computador Flex Computer Intel Core I5-2400S 8GB SSD 120Gb Com Kit
",1545.93
711,"Escrivaninha Mesa Home Office 1 Gaveta Computador Rústico
",1583.12
787,"Computador I5 lga 1155 Memoria 8gb DDR3 Fonte 200w HD 1tb wifi
",1499.68
47,"Computador Desktop Dell Vostro 3681-U10 10ª Geração Intel Core i3 4GB 1TB Linux
",2742.57
30,"Computador Completo Intel Core i5 Com Hdmi Dvd 8GB HD 500GB Windows 10 Teclado Mouse Desktop Pc Wifi Mali Brasil
",1952.99
849,"Computador Desktop Core 2 Duo 8400 3.0Ghz 8Gb Ram SSD 120Gb Wifi
",1376.15
691,"Computador Flex Computer Intel Core I3-2100 6Gb SSD 240Gb Com Kit e DVDRW
",1388.64
312,"Computador I3 lga 1155 Memoria 8gb DDR3 Fonte 200W HD 1tb wifi
",1502.58
436,"Computador Flex Computer Intel Core i3 6Gb SSD 120Gb Com Kit e DVDRW
",1571.7
175,"Computador Positivo Stilo DS3550 Celeron 4GB 500GB Windows 10 Home - Preto
",2167.28
127,"Escrivaninha Mesa Para Computador Melissa Mel Permóbili
",1240.15
294,"Computador TOB Business Plus Intel Core i3 HD 1TB 8GB Memória Gabinete Preto
",1298.5
723,"Computador Flex Computer Intel Core I5-2400S 6Gb SSD 120Gb Com Kit
",1469.17
1064,"Computador De Voo Asa Colorido E6b - Metal
",1598.67
1181,"Computador Flex Computer Intel Core I5-2400S 4GB SSD 120Gb Windows 10
",1548.16
1182,"Computador Icc Processador Amd Fm2 A10 6gb de Ram Ssd 240 Gb
",1803.27
878,"Computador intel 8GB ram HD 500GB com teclado E mouse
",1483.59
764,"Computador Flex Computer Intel Core i3 6Gb SSD 120Gb Com Kit
",1492.34
396,"Computador Intel Core i3 4GB ssd 120GB Hdmi Windows 10
",1374.71
1193,"Computador gamer intel core I3 530 1TB - brx
",1600.34
669,"Computador Desktop Flex Computer Dynamic Intel Core i3 3.0GHZ 4Gb de Memória Ram Ddr3 Hd 500Gb Sata 3 com SSD 120Gb Gravador DVD
",1706.55
739,"Computador Intel Core i5 Com Hdmi 4GB HD 500GB Windows 10 Desktop Pc
",1444.15
823,"Mesa Para Computador Royale Avelã Rústico - Benetil 
",1705.27
562,"Computador completo intel 8GB de ram HD 500GB
",1422.02
493,"Computador TOB Home Intel Dual J1800 HD 500GB 4GB Gabinete Preto
",1334.54
58,"Computador completo intel core I5 4GB HD 500GB monitor 19.5 LED hdmi digital corp
",1809.96
375,"Kit Computador Desktop Dell Vostro VST-3681-M11M 10ª Geração Intel Core i3 4GB 256GB SSD Windows + Monitor SE2216H
",1755.83
991,"Computador Pc Cpu Intel Core I3 4GB ssd 120GB Windows 10 Teclado Mouse
",1555.83
266,"Computador Core I3 4gb 500GB Com Hdmi Pyx One
",1376.39
267,"Computador Flex Computer Intel Core I3-2100 6Gb SSD 120Gb
",1270.46
1002,"Computador Desktop Pc Cpu Strong Core i5 4gb 500gb Windows 10 OEM Fonte 500w DVD + Programas
",1757.7
780,"Computador Flex Computer Intel Core i3 8GB HD 2Tb Com Kit
",1493.08
834,"Computador Flex Computer Intel Core i5 4GB HD 1Tb Com Kit
",1427.99
666,"Computador intel core I3-2100 3.10GHZ DDR3 4GB ssd 240GB sem gravadora
",1451.12
459,"Computador Desktop I3 8gb Hd 2tb Kit Multimídia Digital Corp
",1265.62
367,"Pc Computador Cpu Intel Core I5 + Ssd 240gb, 8gb Memória Ram
",1406.24
781,"Computador Completo Fácil Intel 4GB HD 500GB Monitor 15"" HDMI LED Teclado e Mouse
",1493.08
587,"Mesa de Computador Pratica cor Branco
",1375.47
42,"Computador All In One Pc Core I3 4gb 500hd 23,8 - Compaq CQ-A1
",3599.99
766,"Computador intel 8GB ram HD 500GB
",1812.57
922,"Computador Fácil Intel Core I5 (Terceira Geração) 8GB SSD 480GB
",1521.0
1142,"Computador Flex Computer Intel Core I5-2400S 4GB HD 1Tb Com Kit e DVDRW
",1425.75
1168,"Computador Icc Processador Amd Fm2 A8 4gb de Ram Hd 1 Tb Kit Multimídia Dvdrw
",1591.28
792,"Computador Flex Computer Intel Core I3-2100 8GB HD 500Gb Windows 10
",1347.09
615,"Mesa Para Computador 1 Gaveta Viena Preto - ej móveis
",1431.27
772,"Computador Fatality Office Amd
",1525.2
846,"Computador Cpu Core i5 8gb Ddr3 Ssd 120gb Hdmi Windows 10
",1519.46
240,"Computador Flex Computer Intel Core I3-2100 6Gb HD 500Gb
",1222.64
499,"Computador Desktop Core 2 Duo 8400 3.0Ghz 8Gb Ram SSD 240Gb Wifi + Teclado e Mouse
",1370.89
53,"Computador Completo Pc Intel Core i5 Com Hdmi 8GB ssd 240GB Windows 10 Teclado Mouse Desktop
",1998.57
969,"Computador Flex Computer Intel Core i5 6Gb HD 500Gb Com Kit e DVDRW
",1392.32
237,"Computador Processador Amd Fm2 A10 6gb de Ram Hd 500gb Digital Corp
",1253.97
1121,"Computador Icc Processador Amd Fm2 A10 8gb de Ram Hd 500gb Dvdrw
",1582.21
