ID,Produto,Preco
689,"Computador Flex Computer Intel Core I3-2100 12GB HD 500Gb Monitor 19""
",1836.9
443,"Computador Intel Core i5 Megatron 4Gb Hd 500gb completo com Teclado e Mouse 10 vezes mais rápido
",1399.99
724,"Computador Flex Computer Intel Core i5 4GB HD 2Tb Com Kit e DVDRW Windows 10
",1905.41
1080,"Computador Completo Flex Computer Dynamic Intel Core i3 3.0Ghz 4Gb Memória Ram Ddr3 Hd 1Tb Sata 3 com Monitor Led 15'' Kit Teclado, Mouse
",1822.14
181,"Computador Flex Computer Intel Core i5 8GB HD 500Gb Windows 10
",1719.9
1079,"Computador Flex Computer Intel Core I3-2100 8GB SSD 240Gb Com Kit e DVDRW
",1530.18
206,"Computador Desktop Flex Dynamic Intel Core i5 3.20Ghz 4Gb Ddr3 Hd 1Tb Sata 3 Kit Teclado e Mous
",1795.76
158,"Computador Flex Computer Intel Core I3-2100 4GB HD 1Tb Monitor 15""
",1653.03
30,"Computador Pc Cpu Intel Core i5 8GB ssd 120GB Hdmi Windows 10 Wifi Desktop - Roca Forte Turbo
",1569.0
1074,"Computador Flex Computer Intel Core I5-2400S 8GB HD 500Gb Com Kit
",1512.04
481,"Computador Desktop Completo Flex Computer Dynamic Intel Core i5 3.20Ghz 6Gb de Memória Ram Ddr3 Hd 1Tb Sata 3 com SSD 120Gb Monitor Led 21'' Gravador de DVD Kit Teclado, Mouse
",2482.56
548,"Computador Desktop Completo Flex Computer Dynamic Intel Core i5 3.20Ghz 4Gb de Memória Ram Ddr3 Hd 1Tb Sata 3 Monitor Led 21'' com Windows Kit Teclado, Mouse
",2715.9
0,"Computador Intel Core i5 Com Hdmi 8GB SSD 240GB Windows 10 Desktop
",1398.32
658,"Computador Flex Computer Intel Core i3 6Gb SSD 240Gb Com Kit e DVDRW Windows 10
",1766.9
463,"Computador Desktop Flex Computer Dynamic Intel Core i5 3.20Ghz 4Gb de Memória Ram Ddr3 Hd 500Gb Sata III Monitor Led 15'' Com Windows Kit Teclado, Mouse
",2377.03
379,"Computador Flex Computer Intel Core i5 4GB SSD 240Gb Monitor 15"" Windows 10
",2185.74
427,"Computador Desktop Intel Core i5 3.2Ghz Memória 12Gb DDR3 HD SSD240GB Sata3
",2152.76
979,"Computador Desktop Flex Computer Dynamic Intel Core i5 3.20Ghz 6Gb de Memória Ram Ddr3 Hd 500Gb Sata III Monitor Led 19'' Com Windows Kit Teclado, Mouse
",2495.76
470,"Computador Flex Computer Intel Core I3-2100 10GB HD 2Tb Com Kit e DVDRW Monitor 15"" Windows 10
",2400.03
960,"Computador Desktop Flex Computer Dynamic Intel Core i5 3.20Ghz 4Gb de Memória Ram Ddr3 Hd 500Gb Sata III com Monitor Led 21'' Kit Teclado, Mouse
",2410.01
765,"Computador Flex Computer Intel Core I3-2100 8GB SSD 480Gb Com Kit e DVDRW Windows 10
",1968.82
1113,"Computador Completo Flex Computer Dynamic Intel Core i3 3.0Ghz 4Gb Memória Ram Ddr3 Hd 1Tb Sata 3 com Monitor Led 19'' Kit Teclado, Mouse
",1859.24
757,"Computador Flex Computer Intel Core I5-2400S 10GB HD 1Tb Com Kit Windows 10
",1960.57
520,"Computador Desktop Flex Computer Dynamic Intel Core i3 3.0GHZ 4Gb de Memória Ram Ddr3 Hd 1Tb Sata 3 com SSD 120Gb Monitor Led 19'' com Windows Kit Teclado, Mouse
",2596.35
414,"Computador Desktop Flex Computer Dynamic Intel Core i3 3.0GHZ 6Gb de Memória Ram Ddr3 Hd 500Gb Sata 3 com SSD 240Gb Monitor Led 19'' Kit Teclado, Mouse
",2281.39
740,"Computador Desktop Flex Computer Dynamic Intel Core i5 3.20Ghz 6Gb de Memória Ram Ddr3 Hd 1Tb Sata 3 com SSD 120Gb Gravador de DVD
",1933.45
564,"Computador Flex Computer Intel Core I5-2400S 12GB SSD 480Gb Com Kit e DVDRW Monitor 19"" Windows 10
",2758.69
852,"Computador Flex Computer Intel Core I3-2100 10GB SSD 480Gb Com Kit Monitor 19""
",2137.01
317,"Computador Desktop Flex Computer Dynamic Intel Core i5 3.20Ghz 6Gb de Memória Ram Ddr3 Hd 500Gb Sata III Monitor Led 15'' Kit Teclado, Mouse
",2052.18
349,"Computador Flex Computer Intel Core I3-2100 12GB SSD 240Gb Com Kit e DVDRW Monitor 19""
",2104.86
23,"Computador Desktop Dell Vostro 3681-M10 10ª Geração Intel Core i3 4GB 1TB Windows 10
",2789.1
400,"Computador Desktop Completo Flex Computer Dynamic Intel Core i5 3.20Ghz 4Gb de Memória Ram Ddr3 Hd 1Tb Sata 3 com SSD 120Gb Monitor Led 15'' Kit Teclado, Mouse
",2327.56
318,"Computador Flex Computer Intel Core I5-2400S 4GB SSD 120Gb Com Kit Monitor 19"" Windows 10
",2054.56
154,"Computador Pc Cpu Intel Core i3 4GB ssd 240GB Hdmi Windows 10 Desktop
",1459.0
514,"Computador Flex Computer Intel Core i3 8GB SSD 120Gb
",1329.91
562,"Computador Desktop Intel Core i5 3.2Ghz / 6Gb DDR3 / HD 500GB / Placa de Vídeo GT210 1GB
",1672.08
265,"Computador Flex Computer Intel Core I3-2100 4GB HD 2Tb Com Kit e DVDRW Monitor 15""
",1932.54
909,"Computador Flex Computer Intel Core I5-2400S 4GB HD 1Tb Com Kit e DVDRW Monitor 19"" Windows 10
",2247.5
934,"Computador Flex Computer Intel Core I5-2400S 4GB SSD 480Gb Monitor 15"" Windows 10
",2311.81
1191,"Computador Desktop Flex Computer Dynamic Intel Core i3 3.0GHZ 6Gb de Memória Ram Ddr3 Hd 1Tb Sata 3 com SSD 120Gb Kit Teclado e Mouse
",1813.9
339,"Computador Flex Computer Intel Core I5-2400S 12GB HD 500Gb Com Kit Monitor 19""
",2087.54
1150,"Computador Flex Computer Intel Core I3-2100 6Gb HD 500Gb Com Kit e DVDRW Monitor 15""
",1725.59
572,"Computador Flex Computer Intel Core I5-2400S 6Gb HD 1Tb
",1533.48
606,"Computador Flex Computer Intel Core I3-2100 8GB SSD 240Gb Windows 10
",1639.02
188,"Computador Flex Computer Intel Core I5-2400S 4GB HD 500Gb Monitor 19""
",1747.03
204,"Computador Flex Computer Intel Core I5-2400S 4GB SSD 480Gb Com Kit e DVDRW
",1792.37
598,"Computador Flex Computer Intel Core I3-2100 10GB SSD 120Gb Windows 10
",1608.51
370,"Computador Flex Computer Intel Core I5-2400S 8GB HD 2Tb Monitor 15""
",2169.99
576,"Computador Desktop Completo Flex Computer Dynamic Intel Core i5 3.20Ghz 4Gb de Memória Ram Ddr3 Hd 1Tb Sata 3 com Monitor Led 21'' com Windows Kit Teclado, Mouse
",2807.42
956,"Computador Flex Computer Intel Core I5-2400S 6Gb SSD 480Gb Monitor 15"" Windows 10
",2388.49
395,"Computador Desktop Flex Computer Dynamic Intel Core i5 3.20Ghz 4Gb de Memória Ram Ddr3 Hd 1Tb Sata 3 com SSD 240Gb Kit Teclado e Mouse
",2235.21
435,"Computador Flex Computer Intel Core I5-2400S 6Gb SSD 240Gb Com Kit e DVDRW Monitor 19"" Windows 10
",2328.3
328,"Computador Flex Computer Intel Core i5 6Gb HD 500Gb Monitor 19"" Windows 10
",2065.37
895,"Computador Flex Computer Intel Core I5-2400S 12GB HD 1Tb Com Kit Monitor 19""
",2220.29
904,"Computador Desktop Flex Computer Dynamic Intel Core i5 3.20Ghz 6Gb de Memória Ram Ddr3 Hd 500Gb Sata III com SSD 120Gb Monitor Led 21'' Gravador de DVD Kit Teclado, Mouse
",2263.25
1032,"Computador Desktop Completo Flex Computer Dynamic Intel Core i5 3.20Ghz 4Gb de Memória Ram Ddr3 Hd 500Gb Sata 3 com SSD 240Gb Monitor Led 15'' com Windows Kit Teclado, Mouse
",2843.7
442,"Computador Flex Computer Intel Core i5 6Gb HD 1Tb Com Kit e DVDRW Monitor 15"" Windows 10
",2331.68
558,"Computador Flex Computer Intel Core I3-2100 12GB SSD 120Gb Com Kit
",1483.19
1097,"Computador Flex Computer Intel Core I3-2100 4GB HD 1Tb Com Kit e DVDRW Windows 10
",1610.98
725,"Computador Flex Computer Intel Core I3-2100 10GB SSD 240Gb Monitor 19""
",1899.56
626,"Computador Flex Computer Intel Core I3-2100 4GB SSD 120Gb Com Kit e DVDRW Monitor 19""
",1693.43
941,"Computador Desktop Completo Intel Core i3 3.10GHZ 6Gb de Memória Ram Ddr3 Hd 500Gb Sata 3 com SSD 120Gb Monitor Led 19'' Gravador de DVD Kit Teclado, Mouse
",2345.7
227,"Computador Flex Computer Intel Core I3-2100 8GB SSD 120Gb Com Kit e DVDRW Monitor 15""
",1833.6
416,"Computador Completo Flex Computer Dynamic Intel Core i3 3.0Ghz 8Gb Memória Ram Ddr3 Hd 1Tb Sata 3 com Monitor Led 15'' com Windows Kit Teclado, Mouse
",2385.27
305,"Computador Flex Computer Intel Core I3-2100 10GB HD 500Gb Com Kit Monitor 15"" Windows 10
",2024.06
433,"Computador Flex Computer Intel Core I3-2100 6Gb SSD 480Gb Com Kit e DVDRW Monitor 19"" Windows 10
",2315.93
285,"Computador Flex Computer Intel Core I5-2400S 6Gb SSD 120Gb Com Kit e DVDRW Monitor 15""
",1972.11
1063,"Computador Flex Computer Intel Core i3 6Gb SSD 240Gb Com Kit
",1430.5
1180,"Computador I3 4160 3,60ghz - 4gb - Ssd 120gb - Ultra Rápido
",1536.88
794,"Computador Flex Computer Intel Core i5 6Gb HD 2Tb Monitor 19""
",2024.97
831,"Computador Flex Computer Intel Core i5 8GB HD 2Tb Monitor 15""
",2086.8
410,"Computador Desktop Intel Core I5 4ª geração 8gb SSD 120gb *10x mais rápido
",1521.52
225,"Computador Flex Computer Intel Core i5 8GB SSD 120Gb Com Kit Windows 10
",1823.79
674,"Computador Completo Flex Computer Dynamic Intel Core i3 3.0Ghz 4Gb Memória Ram Ddr3 Hd 500Gb Sata 3 com Monitor Led 19'' com Windows Kit Teclado, Mouse
",2084.33
887,"Computador Desktop Flex Computer Dynamic Intel Core i3 3.0GHZ 4Gb de Memória Ram Ddr3 Hd 500Gb Sata 3 Monitor Led 19'' com Windows Kit Teclado, Mouse
",2221.2
1003,"Computador Desktop Completo Flex Computer Dynamic Intel Core i5 3.20Ghz 6Gb de Memória Ram Ddr3 Hd 1Tb Sata 3 com SSD 240Gb Monitor Led 19'' Gravador de DVD Kit Teclado, Mouse
",2629.33
699,"Computador Flex Computer Intel Core i5 4GB SSD 120Gb Com Kit Monitor 19""
",1864.19
296,"Computador Flex Computer Intel Core I5-2400S 4GB HD 1Tb Com Kit e DVDRW Monitor 15""
",1996.02
134,"Computador Flex Computer Intel Core I5-2400S 10GB HD 500Gb Com Kit
",1587.9
326,"Computador Flex Computer Intel Core I5-2400S 8GB SSD 120Gb Com Kit e DVDRW Monitor 19""
",2060.34
1125,"Computador Flex Computer Intel Core i5 4GB SSD 120Gb Com Kit Windows 10
",1676.2
544,"Computador Flex Computer Intel Core I3-2100 6Gb HD 500Gb Windows 10
",1424.65
1039,"Computador Megatumii Home Starter Core I3 2100 SSD 120gb
",1385.9
411,"Computador Completo Flex Computer Dynamic Intel Core i3 3.0Ghz 8Gb Memória Ram Ddr3 Hd 1Tb Sata 3 com Monitor Led 19'' com Windows Kit Teclado, Mouse
",2430.62
276,"Computador Flex Computer Intel Core I3-2100 8GB SSD 120Gb Monitor 19"" Windows 10
",1955.62
1197,"Computador Flex Computer Intel Core I5-2400S 4GB SSD 240Gb Com Kit e DVDRW Windows 10
",1829.48
511,"Computador Desktop Flex Computer Dynamic Intel Core i5 3.20Ghz 4Gb de Memória Ram Ddr3 Hd 500Gb Sata III com Monitor Led 19'' Com Windows Kit Teclado, Mouse
",2551.0
230,"Computador Flex Computer Intel Core I3-2100 10GB HD 1Tb Com Kit e DVDRW Windows 10
",1839.37
625,"Computador Flex Computer Intel Core I5-2400S 10GB SSD 240Gb
",1690.14
1091,"Computador Desktop Intel Core i5 3.2Ghz / 10GB DDR3 / HD 1TB/ MONITOR
",4448.17
417,"Computador Flex Computer Intel Core I5-2400S 8GB HD 1Tb Com Kit Monitor 19"" Windows 10
",2306.86
669,"Computador Flex Computer Intel Core I3-2100 12GB SSD 240Gb Windows 10
",1791.55
221,"Computador Flex Computer Intel Core I3-2100 8GB HD 2Tb Com Kit Windows 10
",1820.41
373,"Computador Flex Computer Intel Core I3-2100 6Gb SSD 480Gb Monitor 15"" Windows 10
",2173.29
715,"Computador Flex Computer Intel Core i3 8GB SSD 240Gb Com Kit Monitor 19""
",1926.03
829,"Computador Flex Computer Intel Core I3-2100 8GB SSD 120Gb Com Kit e DVDRW Monitor 19"" Windows 10
",2085.07
1068,"Computador Flex Computer Intel Core I5-2400S 8GB HD 500Gb
",1476.59
243,"Computador Flex Computer Intel Core I3-2100 12GB SSD 480Gb Com Kit e DVDRW
",1883.07
278,"Computador Flex Computer Intel Core i5 6Gb HD 1Tb Monitor 19""
",1971.37
948,"Computador Flex Computer Intel Core I5-2400S 6Gb HD 2Tb Com Kit Monitor 15"" Windows 10
",2367.87
330,"Computador Desktop Intel Core i3 3.10GHZ 6Gb de Memória Ram Ddr3 Hd 500Gb Sata 3 com SSD 120Gb Com Windows Gravador de DVD Kit Teclado e Mouse
",2109.89
380,"Computador Flex Computer Intel Core i5 4GB SSD 120Gb Com Kit e DVDRW Monitor 15"" Windows 10
",2187.39
1005,"Computador Flex Computer Intel Core I5-2400S 10GB HD 2Tb Com Kit e DVDRW Monitor 19"" Windows 10
",2625.94
219,"Computador Flex Computer Intel Core i5 8GB HD 2Tb Com Kit e DVDRW
",1821.32
525,"Computador Flex Computer Intel Core I3-2100 6Gb HD 1Tb Com Kit
",1356.21
844,"Computador Flex Computer Intel Core i5 4GB HD 1Tb Monitor 15"" Windows 10
",2118.14
998,"Computador Flex Computer Intel Core I5-2400S 8GB SSD 480Gb Com Kit e DVDRW Monitor 15"" Windows 10
",2593.79
308,"Computador Flex Computer Intel Core i3 8GB HD 1Tb Monitor 15"" Windows 10
",2041.46
696,"Computador Flex Computer Intel Core I3-2100 12GB SSD 120Gb Monitor 15""
",1855.86
236,"Computador Desktop Flex Computer Dynamic Intel Core i5 3.20Ghz 4Gb de Memória Ram Ddr3 Hd 1Tb Sata 3 com SSD 120Gb
",1869.14
662,"Computador Flex Computer Intel Core I5-2400S 4GB SSD 120Gb Monitor 19""
",1778.36
918,"Computador Desktop Completo Flex Computer Dynamic Intel Core i5 3.20Ghz 6Gb de Memória Ram Ddr3 Hd 1Tb Sata 3 Monitor Led 15'' Gravador de DVD Kit Teclado, Mouse
",2290.46
468,"Computador Flex Computer Intel Core i5 8GB HD 1Tb Com Kit e DVDRW Monitor 15"" Windows 10
",2406.71
957,"Computador Desktop Flex Computer Dynamic Intel Core i3 3.0GHZ 4Gb de Memória Ram Ddr3 Hd 500Gb Sata 3 com SSD 120Gb Monitor Led 19'' com Windows Kit Teclado, Mouse
",2404.24
686,"Computador Flex Computer Intel Core I3-2100 4GB SSD 120Gb Com Kit Monitor 15"" Windows 10
",1827.0
375,"Computador Flex Computer Intel Core i3 6Gb HD 2Tb Com Kit e DVDRW Monitor 19"" Windows 10
",2174.2
1025,"Computador Desktop I5 2400 3.10 GHz 4gb Hd 500gb 2ª Geração + Kit Teclado e Mouse hdmi Sata
",1399.99
1182,"Usado: Computador Desktop hp Pro 3410 i3 2° Geração 4GB 320HD
",1433.81
1054,"Computador Flex Computer Intel Core i3 4GB HD 500Gb Com Kit Windows 10
",1384.33
1158,"Computador Flex Computer Intel Core i3 4GB SSD 120Gb Com Kit e DVDRW Monitor 19""
",1747.11
440,"Computador Flex Computer Intel Core I5-2400S 10GB HD 500Gb Com Kit e DVDRW Monitor 15"" Windows 10
",2329.95
984,"Computador Flex Computer Intel Core I5-2400S 6Gb SSD 480Gb Com Kit e DVDRW Monitor 15"" Windows 10
",2517.93
374,"Computador Flex Computer Intel Core I5-2400S 12GB HD 500Gb Com Kit e DVDRW Monitor 19""
",2179.89
762,"Computador Flex Computer Intel Core I5-2400S 8GB SSD 120Gb Com Kit Monitor 19""
",1967.99
549,"Computador Flex Computer Intel Core I3-2100 6Gb HD 1Tb Com Kit e DVDRW
",1448.56
755,"Computador Flex Computer Intel Core I5-2400S 8GB SSD 120Gb Com Kit Monitor 15""
",1955.62
818,"Computador Flex Computer Intel Core i3 8GB HD 1Tb Com Kit Monitor 15"" Windows 10
",2078.56
628,"Computador Flex Computer Intel Core I3-2100 8GB SSD 120Gb Monitor 15""
",1704.15
2,"Computador All in One Dell Inspiron 5400-M10S 23.8"" Full HD 11ª G. Intel Core i5 8GB 256GB SSD Windows 10
",4949.1
268,"Computador Flex Computer Intel Core I5-2400S 8GB HD 1Tb Com Kit e DVDRW Windows 10
",1977.06
254,"Computador Flex Computer Intel Core i3 4GB HD 500Gb Com Kit e DVDRW Monitor 19"" Windows 10
",1909.54
103,"Computador Flex Computer Intel Core I5-2400S 4GB HD 500Gb Com Kit e DVDRW
",1452.68
680,"Computador Flex Computer Intel Core I3-2100 4GB SSD 480Gb Com Kit e DVDRW Windows 10
",1817.11
425,"Computador Desktop Completo Flex Computer Dynamic Intel Core i5 3.20Ghz 6Gb de Memória Ram Ddr3 Hd 1Tb Sata 3 com SSD 120Gb Monitor Led 15'' Gravador de DVD Kit Teclado, Mouse
",2391.05
1073,"Computador Flex Computer Intel Core I3-2100 8GB HD 500Gb Windows 10
",1500.5
469,"Computador Cpu Intel Core I5 8gb HD 1tb
",1406.24
1028,"Computador Desktop Flex Computer Dynamic Intel Core i3 3.0GHZ 4Gb de Memória Ram Ddr3 Hd 1Tb Sata 3 com SSD 240Gb Monitor Led 21'' com Windows Kit Teclado, Mouse
",2825.56
685,"Computador Flex Computer Intel Core I3-2100 12GB SSD 240Gb Com Kit Windows 10
",1828.65
80,"Computador Flex Computer Intel Core i3 8GB HD 500Gb Com Kit
",1299.41
1149,"Computador Flex Computer Intel Core i3 8GB HD 2Tb Com Kit Windows 10
",1724.85
547,"Computador Flex Computer Intel Core I5-2400S 6Gb HD 500Gb Com Kit
",1436.19
670,"Computador Flex Computer Intel Core i3 4GB HD 500Gb Com Kit Monitor 15"" Windows 10
",1791.63
193,"Computador Flex Computer Intel Core i5 4GB HD 500Gb Monitor 19""
",1760.3
292,"Computador Flex Computer Intel Core I3-2100 4GB SSD 480Gb Com Kit e DVDRW Monitor 15""
",1988.6
277,"Computador Cpu Intel Core I5 8gb Ssd 480gb
",1583.12
1086,"Computador Cpu Intel Core I5 4gb SSD 480gb
",1318.24
820,"Computador Flex Computer Intel Core I5-2400S 8GB SSD 240Gb Com Kit Monitor 19""
",2073.53
133,"Computador Flex Computer Intel Core I3-2100 4GB SSD 120Gb Com Kit Monitor 15""
",1587.9
54,"Computador PC CPU Completo Intel Core i5 8Gb 320Gb Kit Monitor 19 LED HDMI BestPC
",2059.63
632,"Computador Flex Computer Intel Core I3-2100 12GB HD 2Tb
",1697.56
252,"Computador Flex Computer Intel Core I3-2100 6Gb SSD 120Gb Com Kit Monitor 15"" Windows 10
",1902.86
257,"Computador Flex Computer Intel Core I3-2100 8GB HD 500Gb Monitor 15"" Windows 10
",1911.1
938,"Computador Flex Computer Intel Core i5 4GB SSD 240Gb Com Kit e DVDRW Monitor 15"" Windows 10
",2325.91
539,"Computador Flex Computer Intel Core i5 6Gb SSD 480Gb Com Kit e DVDRW Monitor 19"" Windows 10
",2660.66
640,"Computador Flex Computer Intel Core i5 4GB HD 500Gb Com Kit e DVDRW Windows 10
",1713.31
1130,"Pc Computador Cpu Intel Core I5 + Ssd 240gb, 8gb Memória Ram
",1529.9
449,"Computador Flex Computer Intel Core i5 6Gb HD 1Tb Com Kit e DVDRW Monitor 19"" Windows 10
",2344.87
1174,"Computador Flex Computer Intel Core I5-2400S 6Gb HD 1Tb Windows 10
",1772.59
1053,"Computador Flex Computer Intel Core I3-2100 10GB HD 500Gb Com Kit
",1375.18
655,"Computador Flex Computer Intel Core I3-2100 8GB SSD 240Gb Com Kit e DVDRW Windows 10
",1768.46
233,"Computador Flex Computer Intel Core i3 8GB HD 1Tb Com Kit Monitor 19""
",1859.24
381,"Computador Flex Computer Intel Core i5 6Gb HD 1Tb Monitor 15"" Windows 10
",2190.69
149,"Computador Flex Computer Intel Core I5-2400S 6Gb HD 500Gb Windows 10
",1639.02
678,"Computador Flex Computer Intel Core I5-2400S 10GB HD 1Tb Com Kit e DVDRW
",1814.63
811,"Computador Flex Computer Intel Core i3 8GB HD 500Gb Com Kit e DVDRW Monitor 15"" Windows 10
",2043.93
898,"Computador Flex Computer Intel Core i5 6Gb HD 1Tb Com Kit Monitor 15"" Windows 10
",2226.97
737,"Computador Flex Computer Intel Core I5-2400S 10GB HD 500Gb Com Kit e DVDRW Windows 10
",1919.35
701,"Computador Flex Computer Intel Core i3 4GB HD 2Tb Com Kit e DVDRW Monitor 19""
",1869.14
988,"Computador Flex Computer Intel Core I5-2400S 10GB HD 2Tb Com Kit Monitor 19"" Windows 10
",2532.77
513,"Computador Desktop Flex Computer Dynamic Intel Core i5 3.20Ghz 4Gb de Memória Ram Ddr3 Hd 500Gb Sata III com SSD 120Gb Monitor Led 19'' Com Windows Kit Teclado, Mouse
",2560.07
851,"Computador Flex Computer Intel Core i5 6Gb SSD 120Gb Monitor 19"" Windows 10
",2132.15
1067,"Computador Flex Computer Intel Core i3 4GB SSD 240Gb Com Kit e DVDRW
",1466.78
1059,"Computador Flex Computer Intel Core i3 8GB HD 500Gb Com Kit e DVDRW
",1404.12
896,"Computador Flex Computer Intel Core I3-2100 6Gb SSD 480Gb Com Kit Monitor 19"" Windows 10
",2222.76
207,"Computador Flex Computer Intel Core I3-2100 6Gb SSD 480Gb Com Kit Windows 10
",1800.62
892,"Computador Flex Computer Intel Core I5-2400S 8GB HD 2Tb Com Kit Monitor 19""
",2217.82
352,"Computador Flex Computer Intel Core i3 4GB SSD 480Gb Com Kit e DVDRW Monitor 15""
",2118.14
1198,"Computador Gamer Fácil Intel Core i5 (Terceira Geração) 8GB Placa de Vídeo Geforce GT 730 2GB SSD 240GB
",2155.78
588,"Computador Flex Computer Intel Core I3-2100 8GB HD 2Tb Com Kit
",1582.13
202,"Computador Flex Computer Intel Core i3 6Gb HD 2Tb Monitor 15""
",1786.69
471,"Computador Flex Computer Intel Core i5 8GB HD 1Tb Com Kit e DVDRW Monitor 19"" Windows 10
",2420.73
466,"Computador Desktop Intel Core i5 3.2Ghz/ 6GB DDR3 /SSD 240GB / Monitor
",2428.15
574,"Computador Flex Computer Intel Core i5 6Gb HD 1Tb
",1550.88
1179,"Computador Flex Computer Intel Core I5-2400S 12GB SSD 120Gb Com Kit e DVDRW
",1789.9
1128,"Computador Flex Computer Intel Core I5-2400S 10GB HD 500Gb Com Kit e DVDRW
",1681.07
1092,"Computador Flex Computer Intel Core I5-2400S 10GB SSD 120Gb
",1584.6
868,"Computador Desktop Flex Computer Dynamic Intel Core i5 3.20Ghz 6Gb de Memória Ram Ddr3 Hd 500Gb Sata III com SSD 120Gb Monitor Led 19'' Kit Teclado, Mouse
",2180.8
367,"Computador Flex Computer Intel Core I5-2400S 6Gb SSD 480Gb Monitor 19""
",2162.57
1064,"Computador Flex Computer Intel Core I3-2100 8GB SSD 240Gb Com Kit
",1437.01
506,"Computador Desktop Completo Flex Computer Dynamic Intel Core i5 3.20Ghz 4Gb de Memória Ram Ddr3 Hd 1Tb Sata 3 com SSD 240Gb Monitor Led 19'' Kit Teclado, Mouse
",2565.01
595,"Computador Desktop Flex Computer Dynamic Intel Core i5 3.20Ghz 4Gb Memória Ram Ddr3 Hd 500Gb Sata III com SSD 120Gb
",1612.72
964,"Computador Desktop Flex Computer Dynamic Intel Core i5 3.20Ghz 8Gb Memória Ddr3 Hd 1Tb Sata 3 SSD 120Gb Com Windows Gravador de DVD Kit Teclado e Mouse
",2450.41
423,"Computador Flex Computer Intel Core I5-2400S 8GB SSD 120Gb Com Kit e DVDRW Monitor 19"" Windows 10
",2299.44
806,"Computador Flex Computer Intel Core I5-2400S 4GB SSD 120Gb Com Kit Monitor 15"" Windows 10
",2041.37
1175,"Computador Desktop Business Intel Core i5 3.2Ghz / 4Gb DDR3/ HD 1TB
",1545.11
847,"Computador Flex Computer Intel Core i3 8GB SSD 120Gb Com Kit e DVDRW Monitor 19"" Windows 10
",2123.91
505,"Computador Desktop Flex Computer Dynamic Intel Core i3 3.0GHZ 6Gb de Memória Ram Ddr3 Hd 1Tb Sata 3 com SSD 240Gb Com Windows Kit Teclado e Mouse
",2532.86
1190,"Computador Desktop Business Intel Core i3 3.0Ghz /8Gb DDR3/ HD 500GB
",1244.91
839,"Computador Flex Computer Intel Core I5-2400S 4GB HD 1Tb Monitor 15"" Windows 10
",2106.51
731,"Computador Flex Computer Intel Core i3 8GB SSD 240Gb Com Kit Monitor 15""
",1912.84
306,"Computador Flex Computer Intel Core i5 6Gb SSD 240Gb Monitor 15""
",2024.97
298,"Computador Flex Computer Intel Core i5 4GB SSD 240Gb Com Kit Monitor 19""
",2002.71
403,"Computador Flex Computer Intel Core I3-2100 12GB SSD 240Gb Com Kit Monitor 19"" Windows 10
",2250.8
728,"Computador Flex Computer Intel Core i5 4GB SSD 240Gb Com Kit e DVDRW Windows 10
",1919.43
147,"Computador Flex Computer Intel Core i3 8GB HD 500Gb Com Kit e DVDRW Windows 10
",1636.63
637,"Computador Completo I3 4gb HD 500gb monitor 18,5 LED + Kit multimídia
",1934.24
1112,"Computador Premium Intel Core I3 4gb Hd 500gb Wifi Pc
",1229.9
842,"Computador Flex Computer Intel Core i3 6Gb HD 1Tb Com Kit e DVDRW Monitor 15"" Windows 10
",2106.59
583,"Computador Completo Flex Computer Dynamic Intel Core i3 3.0Ghz 8Gb Memória Ram Ddr3 Hd 1Tb Sata 3 com Monitor Led 15'' Kit Teclado, Mouse
",1996.93
800,"Computador Flex Computer Intel Core I5-2400S 4GB SSD 480Gb Com Kit e DVDRW Windows 10
",2031.48
164,"Computador Flex Computer Intel Core I5-2400S 6Gb SSD 120Gb Windows 10
",1671.17
749,"Computador Flex Computer Intel Core I3-2100 4GB HD 2Tb Com Kit e DVDRW Monitor 19""
",1944.91
748,"Computador Flex Computer Intel Core i3 4GB HD 1Tb Com Kit Monitor 19"" Windows 10
",1944.17
621,"Computador Flex Computer Intel Core I3-2100 6Gb SSD 240Gb Com Kit e DVDRW Windows 10
",1692.61
596,"Computador Flex Computer Intel Core I3-2100 8GB SSD 480Gb
",1601.09
608,"Computador Flex Computer Intel Core I3-2100 4GB SSD 120Gb Com Kit e DVDRW Monitor 15""
",1681.07
827,"Computador Flex Computer Intel Core I5-2400S 6Gb HD 1Tb Com Kit e DVDRW Monitor 19""
",2085.07
351,"Computador Flex Computer Intel Core I5-2400S 6Gb SSD 120Gb Com Kit Monitor 15"" Windows 10
",2118.05
79,"Computador Pc Cpu Intel Core i5 8GB SSD 128GB Hdmi Windows 10 Wifi Desktop - Roca Forte
",1412.1
333,"Computador Desktop Flex Computer Dynamic Intel Core i3 3.0GHZ 4Gb de Memória Ram Ddr3 Hd 1Tb Sata 3 com SSD 240Gb Kit Teclado e Mouse
",2080.21
92,"Computador Flex Computer Intel Core I3-2100 4GB SSD 240Gb Com Kit e DVDRW
",1377.65
929,"Computador Flex Computer Intel Core I5-2400S 8GB SSD 240Gb Com Kit Monitor 19"" Windows 10
",2311.81
663,"Computador Flex Computer Intel Core i5 4GB HD 500Gb Com Kit Monitor 15""
",1783.39
29,"Computador Intel Core i5 Com Hdmi 8GB ssd 240GB Windows 10 Desktop - Mali Brasil
",1484.1
156,"Computador Flex Computer Intel Core i5 6Gb SSD 240Gb Com Kit
",1654.77
1181,"Computador Flex Computer Intel Core I3-2100 12GB SSD 480Gb Com Kit
",1789.9
22,"Computador Fácil Intel Core i5 8GB HD 1TB
",1442.38
911,"Computador Desktop Completo Flex Computer Dynamic Intel Core i5 3.20Ghz 6Gb de Memória Ram Ddr3 Hd 1Tb Sata 3 Monitor Led 15'' Kit Teclado, Mouse
",2266.55
555,"Computador Desktop Flex Computer Dynamic Intel Core i3 3.0GHZ 4Gb de Memória Ram Ddr3 Hd 1Tb Sata 3 com SSD 240Gb Monitor Led 15'' com Windows Kit Teclado, Mouse
",2734.04
467,"Computador Desktop Completo Flex Computer Dynamic Intel Core i5 3.20Ghz 4Gb de Memória Ram Ddr3 Hd 1Tb Sata 3 com SSD 120Gb Monitor Led 21'' Kit Teclado, Mouse
",2419.08
592,"Computador Desktop Completo Flex Computer Dynamic Intel Core i5 3.20Ghz 4Gb de Memória Ram Ddr3 Hd 1Tb Sata 3 com SSD 240Gb Monitor Led 21'' com Windows Kit Teclado, Mouse
",2981.39
66,"Computador Intel Core i3 Com Hdmi 4GB ssd 240GB Windows 10 Desktop Pc
",1459.0
507,"Computador Desktop Completo Flex Computer Dynamic Intel Core i5 3.20Ghz 8Gb Memória Ddr3 Hd 1Tb Sata 3 SSD 120Gb Monitor Led 21'' Gravador de DVD Kit Teclado, Mouse
",2583.98
950,"Computador Pc Cpu Gamer Amd A10 8gb Ssd 120gb Kit Monitor 19 Led Hdmi Placa de Vídeo Radeon R7 Serie
",3301.76
566,"Computador Desktop Flex Computer Dynamic Intel Core i3 3.0GHZ 4Gb de Memória Ram Ddr3 Hd 1Tb Sata 3
",1530.27
930,"Computador Flex Computer Intel Core i5 6Gb SSD 240Gb Com Kit Monitor 19"" Windows 10
",2307.77
959,"Computador Flex Computer Intel Core i5 6Gb HD 2Tb Com Kit e DVDRW Monitor 19"" Windows 10
",2398.47
366,"Computador Flex Computer Intel Core i3 6Gb HD 2Tb Com Kit e DVDRW Monitor 15"" Windows 10
",2160.19
1062,"Computador Flex Computer Intel Core i3 4GB SSD 120Gb Windows 10
",1414.84
70,"Computador Flex Computer Intel Core i3 4GB HD 500Gb Com Kit e DVDRW
",1256.53
545,"Computador Flex Computer Intel Core I5-2400S 12GB HD 2Tb Com Kit e DVDRW Monitor 15"" Windows 10
",2689.43
1093,"Computador Flex Computer Intel Core i3 4GB SSD 120Gb Monitor 19""
",1606.95
256,"Computador Flex Computer Intel Core I5-2400S 4GB SSD 120Gb Com Kit e DVDRW Monitor 19""
",1908.63
315,"Computador Flex Computer Intel Core I5-2400S 6Gb HD 500Gb Monitor 15"" Windows 10
",2049.62
756,"Computador Desktop Intel Core i3 3.10GHZ 6Gb de Memória Ram Ddr3 Hd 1Tb Sata 3 com SSD 120Gb Gravador de DVD Kit Teclado e Mouse
",1960.66
1022,"Computador Desktop Completo Flex Computer Dynamic Intel Core i5 3.20Ghz 6Gb de Memória Ram Ddr3 Hd 1Tb Sata 3 com SSD 240Gb Monitor Led 19'' com Windows Kit Teclado, Mouse
",2972.32
878,"Computador Flex Computer Intel Core i3 6Gb SSD 480Gb Com Kit e DVDRW Monitor 15""
",2189.87
284,"Computador Flex Computer Intel Core I3-2100 6Gb SSD 480Gb Com Kit Monitor 15""
",1972.11
447,"Computador Flex Computer Intel Core I3-2100 10GB SSD 480Gb Monitor 19"" Windows 10
",2339.02
927,"Computador Flex Computer Intel Core i5 6Gb SSD 480Gb Monitor 19""
",2287.16
781,"Computador Completo Flex Computer Dynamic Intel Core i3 3.0Ghz 8Gb Memória Ram Ddr3 Hd 500Gb Sata 3 com Monitor Led 15'' com Windows Kit Teclado, Mouse
",2229.44
639,"Computador Flex Computer Intel Core i3 4GB SSD 480Gb Com Kit e DVDRW
",1714.13
1014,"Computador Desktop Flex Computer Dynamic Intel Core i3 3.0GHZ 6Gb de Memória Ram Ddr3 Hd 1Tb Sata 3 com SSD 120Gb Monitor Led 19'' com Windows Kit Teclado, Mouse
",2669.73
289,"Computador Flex Computer Intel Core I5-2400S 6Gb SSD 240Gb Com Kit Monitor 15""
",1984.48
1157,"Computador Flex Computer Intel Core I3-2100 6Gb HD 1Tb Monitor 19""
",1742.08
438,"Computador Flex Computer Intel Core i5 4GB HD 2Tb Com Kit e DVDRW Monitor 19"" Windows 10
",2326.73
347,"Computador Flex Computer Intel Core i5 4GB SSD 240Gb Com Kit e DVDRW Monitor 19""
",2107.42
174,"Computador Desktop Flex Computer Dynamic Intel Core i3 3.0GHZ 4Gb de Memória Ram Ddr3 Hd 500Gb Sata 3 com SSD 240Gb
",1722.38
1090,"Computador Desktop Flex Computer Dynamic Intel Core i5 3.20Ghz 6Gb Memória Ram Ddr3 Hd 500Gb Sata III Gravador de DVD
",1585.51
441,"Computador Flex Computer Intel Core I3-2100 12GB SSD 240Gb Com Kit e DVDRW Monitor 15"" Windows 10
",2330.77
1133,"Computador Flex Computer Intel Core i5 6Gb HD 1Tb Com Kit e DVDRW
",1691.87
591,"Computador Flex Computer Intel Core i3 6Gb HD 500Gb Monitor 19""
",1608.59
482,"Computador Cpu Intel Core I3 8gb SSD 480gb
",1300.64
125,"Computador Flex Computer Intel Core I3-2100 4GB HD 500Gb Com Kit Monitor 15""
",1556.57
879,"Computador Flex Computer Intel Core i5 6Gb HD 500Gb Com Kit e DVDRW Monitor 15"" Windows 10
",2192.34
1094,"Computador Flex Computer Intel Core I3-2100 12GB HD 1Tb Com Kit
",1584.6
377,"Computador Flex Computer Intel Core I3-2100 4GB HD 2Tb Com Kit e DVDRW Monitor 19"" Windows 10
",2184.01
758,"Computador Flex Computer Intel Core I5-2400S 10GB HD 500Gb Monitor 15""
",1963.04
1194,"Computador Flex Computer Intel Core i3 8GB HD 500Gb Com Kit e DVDRW Monitor 19""
",1824.61
228,"Computador Flex Computer Intel Core I5-2400S 6Gb HD 500Gb Com Kit Monitor 15""
",1845.97
178,"Computador Flex Computer Intel Core i3 8GB SSD 480Gb
",1717.43
928,"Computador Flex Computer Intel Core i5 6Gb HD 2Tb Com Kit Monitor 19"" Windows 10
",2294.58
477,"Computador Desktop Completo Flex Computer Dynamic Intel Core i5 3.20Ghz 6Gb de Memória Ram Ddr3 Hd 1Tb Sata 3 com SSD 120Gb Monitor Led 21'' Kit Teclado, Mouse
",2455.36
1015,"Computador Desktop Completo Flex Computer Dynamic Intel Core i5 3.20Ghz 4Gb de Memória Ram Ddr3 Hd 1Tb Sata 3 com SSD 240Gb Monitor Led 21'' Kit Teclado, Mouse
",2702.71
223,"Computador Flex Computer Intel Core i3 4GB SSD 120Gb Monitor 15"" Windows 10
",1822.14
612,"Computador Flex Computer Intel Core I3-2100 8GB HD 500Gb Com Kit Monitor 19""
",1721.47
861,"Computador Flex Computer Intel Core I3-2100 10GB HD 1Tb Com Kit Monitor 15"" Windows 10
",2156.8
194,"Computador Flex Computer Intel Core i3 8GB SSD 480Gb Com Kit
",1754.53
21,"Computador Fácil Intel Core i5 9400f (Nona Geração) 8GB DDR4 GeForce Nvidia 1GB SSD 240GB
",2459.18
532,"Computador Flex Computer Intel Core I3-2100 8GB HD 500Gb Com Kit e DVDRW
",1391.67
601,"Computador Flex Computer Intel Core i5 4GB HD 500Gb Com Kit Windows 10
",1608.59
990,"Computador Flex Computer Intel Core I3-2100 12GB SSD 480Gb Com Kit e DVDRW Monitor 15"" Windows 10
",2531.95
1144,"Computador Flex Computer Intel Core i3 8GB HD 500Gb Com Kit Monitor 15""
",1706.71
538,"Computador Desktop Flex Computer Dynamic Intel Core i3 3.0GHZ 4Gb de Memória Ram Ddr3 Hd 1Tb Sata 3 com SSD 120Gb Monitor Led 21'' com Windows Kit Teclado, Mouse
",2660.66
372,"Computador Desktop Flex Computer Dynamic Intel Core i5 3.20Ghz 4Gb de Memória Ram Ddr3 Hd 1Tb Sata 3 Com Windows Kit Teclado e Mouse
",2184.1
996,"Computador Flex Computer Intel Core I5-2400S 12GB HD 2Tb Monitor 15"" Windows 10
",2560.81
683,"Computador Desktop Flex Computer Dynamic Intel Core i5 3.20Ghz 6Gb de Memória Ram Ddr3 Hd 1Tb Sata 3 Gravador de DVD
",1832.86
44,"Computador Fácil Intel Core I5 (Terceira Geração) 8GB HD 500GB
",1360.38
198,"Computador Flex Computer Intel Core i3 6Gb HD 1Tb Com Kit Monitor 15""
",1770.2
790,"Computador Flex Computer Intel Core I3-2100 10GB SSD 240Gb Com Kit e DVDRW Monitor 15""
",2015.81
730,"Computador Flex Computer Intel Core I3-2100 4GB SSD 240Gb Monitor 19"" Windows 10
",1909.45
237,"Computador Flex Computer Intel Core I5-2400S 12GB HD 500Gb Windows 10
",1867.4
321,"Computador Flex Computer Intel Core I5-2400S 10GB SSD 240Gb Com Kit e DVDRW Windows 10
",2057.86
360,"Computador Flex Computer Intel Core I5-2400S 12GB SSD 240Gb Com Kit e DVDRW Windows 10
",2134.54
690,"Computador Flex Computer Intel Core I3-2100 6Gb HD 500Gb Com Kit Monitor 19"" Windows 10
",1883.89
750,"Computador Flex Computer Intel Core I3-2100 4GB SSD 240Gb Com Kit Monitor 19"" Windows 10
",1946.55
516,"Computador Flex Computer Intel Core i3 4GB SSD 120Gb Com Kit e DVDRW
",1326.62
1192,"Computador Flex Computer Intel Core I3-2100 8GB SSD 240Gb Monitor 19""
",1822.88
58,"Computador Fácil Intel Core i5 8GB HD 1TB
",1442.38
348,"Computador Flex Computer Intel Core I5-2400S 6Gb HD 2Tb Monitor 19""
",2106.51
862,"Computador Flex Computer Intel Core I3-2100 10GB HD 2Tb Com Kit e DVDRW Monitor 15""
",2160.92
866,"Computador Flex Computer Intel Core i3 8GB SSD 480Gb Com Kit Monitor 19""
",2175.03
888,"Computador Flex Computer Intel Core I5-2400S 6Gb HD 1Tb Com Kit Monitor 15"" Windows 10
",2217.82
299,"Computador Flex Computer Intel Core I3-2100 8GB SSD 480Gb Monitor 15""
",2010.87
813,"Computador Flex Computer Intel Core I3-2100 8GB HD 500Gb Com Kit e DVDRW Monitor 19"" Windows 10
",2052.92
264,"Computador Flex Computer Intel Core i5 8GB SSD 120Gb Com Kit e DVDRW Windows 10
",1927.68
46,"Computador completo intel core I5 4GB HD 500GB monitor 19.5 LED hdmi digital corp
",1990.95
1154,"Computador Flex Computer Intel Core i3 6Gb HD 500Gb Com Kit e DVDRW Monitor 15""
",1735.57
291,"Computador Flex Computer Intel Core i5 6Gb SSD 240Gb Com Kit e DVDRW Windows 10
",1991.16
455,"Computador Flex Computer Intel Core I5-2400S 12GB SSD 120Gb Com Kit Monitor 19""
",2353.29
991,"Computador Flex Computer Intel Core i5 6Gb SSD 480Gb Com Kit Monitor 15"" Windows 10
",2542.75
717,"Computador Flex Computer Intel Core I3-2100 6Gb SSD 480Gb Com Kit e DVDRW Windows 10
",1892.96
777,"Computador Flex Computer Intel Core i5 4GB HD 500Gb Monitor 19"" Windows 10
",1992.81
487,"Computador Flex Computer Intel Core I3-2100 10GB SSD 480Gb Com Kit e DVDRW Monitor 19"" Windows 10
",2468.46
358,"Computador Cpu Gamer Intel 3ª geração 8gb ssd 120gb
",1231.12
537,"Computador Flex Computer Dynamic Intel Core i3 3.0Ghz 4Gb Memória Ram Ddr3 Hd 500Gb Sata 3 Com Windows Kit Teclado e Mouse
",1615.19
216,"Computador Flex Computer Intel Core I3-2100 10GB SSD 480Gb Com Kit e DVDRW
",1806.39
242,"Computador Flex Computer Intel Core I3-2100 6Gb HD 2Tb Monitor 15""
",1878.95
323,"Computador Flex Computer Intel Core i3 8GB HD 500Gb Com Kit e DVDRW Monitor 19"" Windows 10
",2057.12
906,"Computador Flex Computer Intel Core i5 6Gb HD 1Tb Com Kit Monitor 19"" Windows 10
",2240.99
1187,"Computador Cpu Intel I3 4gb Ssd 120gb Hdmi
",1229.99
356,"Computador Flex Computer Intel Core I5-2400S 6Gb SSD 120Gb Com Kit Monitor 19"" Windows 10
",2130.42
1115,"Computador Desktop Flex Computer Dynamic Intel Core i5 3.20Ghz 8Gb Memória Ram Ddr3 Hd 500Gb Sata 3 Gravador de DVD
",1677.03
858,"Computador Flex Computer Intel Core i5 6Gb SSD 120Gb Com Kit Monitor 15"" Windows 10
",2155.24
173,"Computador Flex Computer Intel Core I5-2400S 12GB SSD 120Gb Com Kit
",1697.56
856,"Computador Flex Computer Intel Core I5-2400S 10GB HD 1Tb Com Kit Monitor 19""
",2144.43
524,"Computador Flex Computer Intel Core i3 4GB SSD 240Gb Com Kit
",1359.6
666,"Computador Flex Computer Intel Core i5 8GB SSD 120Gb Windows 10
",1786.69
402,"Computador Flex Computer Intel Core I3-2100 12GB HD 1Tb Com Kit Monitor 19"" Windows 10
",2245.85
197,"Computador Flex Computer Intel Core i3 4GB SSD 240Gb Com Kit Monitor 15""
",1763.6
796,"Computador Desktop Intel Core i5 3.2Ghz / 8Gb Ddr3 / HD 500GB / Placa de Vídeo GT210 1GB
",1759.48
152,"Computador Desktop Intel Core I5 8gb HD de 1tb
",1319.9
90,"Computador Flex Computer Intel Core I3-2100 4GB HD 1Tb Com Kit e DVDRW
",1372.7
860,"Computador Flex Computer Intel Core I5-2400S 8GB SSD 120Gb Monitor 15"" Windows 10
",2156.8
127,"Computador Desktop Flex Computer Dynamic Intel Core i5 3.20Ghz 4Gb Memória Ram Ddr3 Hd 500Gb Sata III Kit Mouse Teclado
",1565.72
1100,"Computador Flex Computer Intel Core i5 6Gb SSD 120Gb Com Kit e DVDRW
",1620.14
923,"Computador Flex Computer Intel Core i3 6Gb SSD 480Gb Monitor 15"" Windows 10
",2282.21
809,"Computador Desktop Business Intel Core i3 3.0Ghz / 4Gb DDR3 /HD 1TB /Monitor LED
",1799.88
1106,"Computador Flex Computer Intel Core I3-2100 8GB HD 1Tb Windows 10
",1634.07
932,"Computador Desktop Completo Flex Computer Dynamic Intel Core i5 3.20Ghz 4Gb de Memória Ram Ddr3 Hd 500Gb Sata 3 com SSD 240Gb Monitor Led 15'' Kit Teclado, Mouse
",2345.7
659,"Computador Flex Computer Intel Core I3-2100 6Gb SSD 120Gb Com Kit e DVDRW Monitor 19""
",1770.11
767,"Computador Flex Computer Intel Core I3-2100 12GB SSD 240Gb Monitor 19""
",1975.41
698,"Computador Flex Computer Intel Core I3-2100 6Gb SSD 240Gb Com Kit e DVDRW Monitor 15""
",1864.1
838,"Computador Flex Computer Intel Core i3 4GB SSD 240Gb Com Kit e DVDRW Monitor 15"" Windows 10
",2101.65
791,"Computador Flex Computer Intel Core i3 6Gb HD 2Tb Monitor 15"" Windows 10
",2020.02
11,"Computador Pc Cpu Completo Intel Core I3 4gb 500gb Monitor 19 Led Hdmi Bestpc
",1682.75
295,"Computador Flex Computer Intel Core I5-2400S 12GB HD 500Gb Com Kit e DVDRW Windows 10
",1996.02
498,"Computador Flex Computer Intel Core I3-2100 4GB HD 1Tb Com Kit
",1279.53
290,"Computador Flex Computer Intel Core I3-2100 6Gb SSD 480Gb Com Kit Monitor 19""
",1984.48
287,"Computador Flex Computer Intel Core I5-2400S 4GB HD 2Tb Com Kit e DVDRW Windows 10
",1974.59
633,"Computador Flex Computer Intel Core I5-2400S 4GB SSD 240Gb Windows 10
",1700.03
741,"Computador Desktop Business Intel Core i5 3.2Ghz /8Gb DDR3/ HD 1TB
",1679.5
816,"Computador Flex Computer Intel Core I5-2400S 8GB HD 1Tb Com Kit Monitor 19""
",2068.58
803,"Computador Desktop Flex Computer Dynamic Intel Core i5 3.20Ghz 6Gb de Memória Ram Ddr3 Hd 500Gb Sata 3 com SSD 120Gb Com Windows Gravador de DVD Kit Teclado e Mouse
",2110.72
943,"Computador Flex Computer Intel Core I3-2100 12GB SSD 240Gb Com Kit e DVDRW Monitor 19"" Windows 10
",2343.96
345,"Computador Flex Computer Intel Core I3-2100 12GB HD 1Tb Com Kit e DVDRW Monitor 19""
",2099.91
673,"Computador Flex Computer Intel Core i3 6Gb HD 2Tb Monitor 19""
",1800.7
977,"Computador Flex Computer Intel Core I5-2400S 10GB HD 2Tb Monitor 15"" Windows 10
",2484.95
107,"Computador Flex Computer Intel Core i3 4GB HD 1Tb Windows 10
",1486.57
611,"Computador Flex Computer Intel Core I3-2100 6Gb SSD 480Gb Com Kit e DVDRW
",1654.68
461,"Computador Desktop Intel Core I5 3ª geração 8gb SSD 240gb *10x mais rápido
",1363.12
119,"Computador Flex Computer Intel Core i3 4GB HD 500Gb Com Kit Monitor 19""
",1806.39
364,"Computador Flex Computer Intel Core I5-2400S 8GB HD 1Tb Com Kit e DVDRW Monitor 15""
",2148.56
510,"Computador Flex Computer Intel Core I5-2400S 12GB SSD 240Gb Com Kit e DVDRW Monitor 15"" Windows 10
",2544.32
841,"Computador Flex Computer Intel Core I3-2100 12GB SSD 120Gb Monitor 19"" Windows 10
",2107.33
854,"Computador Flex Computer Intel Core I5-2400S 6Gb HD 2Tb Com Kit Monitor 19""
",2141.96
419,"Computador Flex Computer Intel Core I5-2400S 8GB SSD 120Gb Com Kit e DVDRW Monitor 15"" Windows 10
",2286.25
389,"Computador Flex Computer Intel Core I5-2400S 8GB SSD 120Gb Com Kit Monitor 19"" Windows 10
",2206.27
1047,"Computador Flex Computer Intel Core i3 4GB HD 500Gb Windows 10
",1348.05
908,"Computador Flex Computer Intel Core I5-2400S 12GB SSD 480Gb Com Kit Windows 10
",2243.37
37,"Computador Intel Core i5 Com Hdmi 8GB HD 1TB Windows 10 Teclado Mouse Desktop Pc
",1574.1
155,"Computador Flex Computer Intel Core i3 4GB HD 1Tb Monitor 15""
",1661.36
535,"Computador Flex Computer Intel Core i3 6Gb HD 1Tb Com Kit Windows 10
",1600.34
1066,"Computador Completo Fácil Intel 4GB HD 500GB Monitor 15"" HDMI LED Teclado e Mouse
",1573.58
353,"Computador Flex Computer Intel Core I5-2400S 10GB SSD 120Gb Com Kit e DVDRW Monitor 15""
",2123.82
1056,"Computador Flex Computer Dynamic Intel Core i3 3.0Ghz 8Gb Memória Ram Ddr3 Hd 1Tb Sata 3 Kit Teclado e Mouse
",1520.37
415,"Computador Flex Computer Intel Core I5-2400S 10GB SSD 120Gb Com Kit Monitor 15"" Windows 10
",2269.76
177,"Computador Flex Computer Intel Core i5 4GB HD 1Tb Windows 10
",1711.66
760,"Computador Flex Computer Intel Core i3 4GB SSD 240Gb Monitor 15"" Windows 10
",1960.66
1042,"Computador Flex Computer Intel Core I3-2100 4GB SSD 240Gb Com Kit
",1284.48
357,"Computador Flex Computer Intel Core i5 8GB HD 2Tb Com Kit Monitor 19""
",2137.1
550,"Computador Desktop Intel Core i5 3.2Ghz / 6GB DDR3 / HD 3TB / Monitor
",2546.88
100,"Computador Flex Computer Intel Core I3-2100 12GB HD 500Gb Com Kit
",1451.03
77,"Computador Flex Computer Intel Core i3 4GB HD 1Tb Com Kit
",1291.16
1002,"Computador Desktop Completo Flex Computer Dynamic Intel Core i5 3.20Ghz 4Gb de Memória Ram Ddr3 Hd 1Tb Sata 3 Monitor Led 19'' com Windows Kit Teclado, Mouse
",2651.59
843,"Computador Flex Computer Intel Core I5-2400S 10GB HD 2Tb Com Kit Windows 10
",2109.81
1095,"Computador Desktop Flex Computer Dynamic Intel Core i3 3.0GHZ 6Gb de Memória Ram Ddr3 Hd 1Tb Sata 3
",1603.65
735,"Computador Desktop Flex Computer Dynamic Intel Core i5 3.20Ghz 6Gb de Memória Ram Ddr3 Hd 500Gb Sata 3 com SSD 240Gb Gravador de DVD
",1942.52
1,"Computador Intel Core i5 3.2Ghz Com Hdmi 8GB HD 500GB Windows 10 Pro Wifi Desktop Pc Mali Brasil
",1439.1
161,"Computador Flex Computer Intel Core I3-2100 4GB HD 500Gb Com Kit e DVDRW Monitor 19""
",1662.1
870,"Computador Flex Computer Intel Core I3-2100 10GB HD 2Tb Com Kit e DVDRW Monitor 19""
",2173.29
325,"Computador Cpu Intel Core I5 8gb HD 500gb
",1231.12
877,"Computador Flex Computer Intel Core i5 4GB HD 2Tb Com Kit Monitor 15""
",2194.89
5,"Computador completo intel core I3 6GB HD 500GB monitor 19.5 LED hdmi digital corp
",1876.89
753,"Computador Flex Computer Intel Core I3-2100 12GB HD 500Gb Com Kit e DVDRW Monitor 19""
",1966.34
191,"Computador Flex Computer Intel Core i5 6Gb SSD 120Gb Com Kit Windows 10
",1747.94
624,"Computador Flex Computer Intel Core i5 8GB SSD 240Gb
",1693.52
581,"Computador Desktop Completo Flex Computer Dynamic Intel Core i5 3.20Ghz 8Gb Memória Ddr3 Hd 1Tb Sata 3 SSD 240Gb Monitor Led 21'' Gravador de DVD com Windows Kit Teclado, Mouse
",3146.29
32,"Computador Samsung All In One E5 8ª Intel Core I5 8GB 1TB W10 23,8"" FHD
",5613.4
340,"Computador Flex Computer Intel Core I3-2100 12GB SSD 240Gb Com Kit e DVDRW Monitor 15""
",2092.49
144,"Computador Desktop Flex Dynamic Intel Core i5 3.20Ghz 4Gb Ddr3 Hd 500Gb Sata III com SSD 120Gb
",1621.79
157,"Computador Flex Computer Intel Core i3 6Gb HD 2Tb Com Kit Windows 10
",1649.0
196,"Computador Flex Computer Intel Core I3-2100 8GB SSD 120Gb Com Kit Monitor 19""
",1753.62
123,"Computador Flex Computer Intel Core I3-2100 6Gb HD 1Tb Windows 10
",1558.22
135,"Computador Flex Computer Intel Core I3-2100 4GB SSD 480Gb Com Kit e DVDRW
",1578.0
993,"Computador Desktop Completo Flex Computer Dynamic Intel Core i5 3.20Ghz 6Gb de Memória Ram Ddr3 Hd 1Tb Sata 3 com SSD 240Gb Monitor Led 19'' Kit Teclado, Mouse
",2602.12
1061,"Computador Flex Computer Intel Core I3-2100 12GB HD 500Gb
",1414.75
49,"Computador Gamer Intel Core i5 8GB HD 500GB (Nvidia Geforce GT) EasyPC Light
",2174.59
1034,"Computador Desktop Completo Flex Computer Dynamic Intel Core i5 3.20Ghz 6Gb Memória Ddr3 Hd 1Tb Sata 3 SSD 240Gb Monitor Led 21'' Gravador de DVD com Windows Kit Teclado, Mouse
",3045.7
270,"Computador Flex Computer Intel Core i3 4GB SSD 480Gb Com Kit e DVDRW Windows 10
",1943.34
709,"Computador Flex Computer Intel Core I3-2100 10GB HD 1Tb Monitor 15""
",1881.42
855,"Computador Flex Computer Intel Core I5-2400S 4GB HD 1Tb Com Kit Monitor 15"" Windows 10
",2141.96
973,"Computador Flex Computer Intel Core i5 8GB HD 2Tb Com Kit e DVDRW Monitor 19"" Windows 10
",2474.32
901,"Computador Flex Computer Intel Core I5-2400S 10GB HD 1Tb Com Kit e DVDRW Monitor 19""
",2236.78
958,"Computador Flex Computer Intel Core I5-2400S 8GB SSD 240Gb Com Kit e DVDRW Monitor 15"" Windows 10
",2391.78
664,"Computador Desktop Flex Computer Dynamic Intel Core i3 3.0GHZ 6Gb de Memória Ram Ddr3 Hd 1Tb Sata 3 com SSD 120Gb
",1786.69
804,"Computador Desktop Intel Core i5 3.2Ghz / 10Gb DDR3 / HD 1TB
",1738.04
136,"Computador Desktop Intel Core i3 3.0Ghz Memória 6Gb DDR3 HD 3TB
",1648.17
113,"Computador Flex Computer Intel Core I5-2400S 4GB SSD 240Gb Com Kit
",1498.03
952,"Computador Flex Computer Intel Core I5-2400S 8GB HD 1Tb Com Kit e DVDRW Monitor 19"" Windows 10
",2400.03
386,"Computador Flex Computer Intel Core I5-2400S 10GB HD 500Gb Monitor 15"" Windows 10
",2201.33
775,"Computador Desktop Flex Computer Dynamic Intel Core i5 3.20Ghz 4Gb de Memória Ram Ddr3 Hd 1Tb Sata 3 com SSD 120Gb Kit Teclado e Mouse
",1997.76
450,"Computador Flex Computer Intel Core I3-2100 12GB HD 2Tb Monitor 15"" Windows 10
",2346.44
563,"Computador Desktop Flex Computer Dynamic Intel Core i3 3.0GHZ 4Gb de Memória Ram Ddr3 Hd 500Gb Sata 3 com SSD 120Gb Kit Teclado e Mouse
",1511.3
209,"Computador Flex Computer Intel Core i3 6Gb SSD 120Gb Com Kit e DVDRW Monitor 15""
",1802.35
388,"Computador Flex Computer Intel Core i3 6Gb SSD 480Gb Com Kit e DVDRW Monitor 19""
",2203.88
710,"Computador Flex Computer Intel Core I5-2400S 8GB HD 1Tb Com Kit Windows 10
",1883.89
526,"Computador Flex Computer Intel Core i3 8GB SSD 120Gb Com Kit
",1366.19
189,"Computador Flex Computer Intel Core i5 6Gb HD 2Tb Com Kit e DVDRW
",1745.46
836,"Computador Flex Computer Intel Core I3-2100 6Gb SSD 240Gb Com Kit e DVDRW Monitor 15"" Windows 10
",2102.39
615,"Computador Intel Core i5 4GB HD 500GB Hdmi Windows 10 Wifi Desktop Pc
",1439.9
716,"Computador Flex Computer Intel Core i3 4GB HD 1Tb Monitor 15"" Windows 10
",1893.87
782,"Computador Flex Computer Intel Core I3-2100 6Gb SSD 240Gb Com Kit Monitor 15"" Windows 10
",2010.04
718,"Computador Flex Computer Intel Core i3 6Gb SSD 120Gb Monitor 15"" Windows 10
",1893.87
972,"Computador Flex Computer Intel Core i5 4GB SSD 480Gb Com Kit Monitor 15"" Windows 10
",2471.02
210,"Computador Flex Computer Intel Core i3 4GB HD 1Tb Com Kit e DVDRW Monitor 15""
",1802.35
1122,"Computador Flex Computer Intel Core I5-2400S 6Gb HD 500Gb Com Kit Windows 10
",1674.47
36,"Computador Completo Pc Cpu Monitor 19"" Intel Core i3 Hdmi 4GB HD 500GB Windows 10 com Teclado e Mouse Desktop Wi-Fi
",1915.38
759,"Computador Flex Computer Intel Core i3 4GB SSD 120Gb Com Kit e DVDRW Monitor 15"" Windows 10
",1962.31
875,"Computador Flex Computer Intel Core I5-2400S 8GB HD 2Tb Monitor 19""
",2182.36
995,"Computador Desktop Completo Flex Computer Dynamic Intel Core i5 3.20Ghz 4Gb de Memória Ram Ddr3 Hd 1Tb Sata 3 com SSD 240Gb Monitor Led 21'' Kit Teclado, Mouse
",2602.12
691,"Computador Flex Computer Intel Core I5-2400S 8GB HD 500Gb Com Kit e DVDRW Windows 10
",1843.49
81,"Computador Flex Computer Intel Core I3-2100 6Gb SSD 240Gb
",1324.06
863,"Computador Flex Computer Intel Core i5 8GB HD 500Gb Com Kit Monitor 15"" Windows 10
",2163.48
1101,"Computador Flex Computer Intel Core i3 8GB HD 1Tb Windows 10
",1634.15
522,"Computador Flex Computer Intel Core I3-2100 10GB HD 500Gb
",1338.07
307,"Computador Flex Computer Intel Core i3 4GB HD 1Tb Com Kit e DVDRW Monitor 15"" Windows 10
",2034.86
460,"Computador Flex Computer Intel Core I5-2400S 10GB SSD 120Gb Com Kit e DVDRW Monitor 15"" Windows 10
",2362.93
454,"Computador Desktop Completo Flex Computer Dynamic Intel Core i5 3.20Ghz 6Gb de Memória Ram Ddr3 Hd 500Gb Sata 3 com SSD 240Gb Monitor Led 15'' Kit Teclado, Mouse
",2381.98
713,"Computador Flex Computer Intel Core I3-2100 12GB SSD 120Gb Com Kit Monitor 15""
",1892.96
774,"Computador Flex Computer Intel Core I3-2100 12GB SSD 480Gb Windows 10
",1991.9
320,"Computador Flex Computer Intel Core I3-2100 4GB HD 2Tb Monitor 19"" Windows 10
",2054.56
542,"Computador Desktop Completo Flex Computer Dynamic Intel Core i5 3.20Ghz 6Gb de Memória Ram Ddr3 Hd 1Tb Sata 3 Monitor Led 15'' Gravador de DVD com Windows Kit Teclado, Mouse
",2697.76
1162,"Computador Flex Computer Intel Core I3-2100 10GB HD 500Gb Monitor 15""
",1748.67
8,"Computador Fácil Intel Core i5 8GB SSD 240GB
",1311.18
764,"Computador Flex Computer Intel Core i3 8GB SSD 120Gb Monitor 15"" Windows 10
",1969.73
255,"Computador Flex Computer Intel Core i5 8GB HD 500Gb Com Kit Monitor 15""
",1930.97
1012,"Computador Desktop Completo Flex Computer Dynamic Intel Core i5 3.20Ghz 6Gb de Memória Ram Ddr3 Hd 1Tb Sata 3 Monitor Led 15'' com Windows Kit Teclado, Mouse
",2669.73
424,"Computador Flex Computer Intel Core i3 6Gb SSD 480Gb Monitor 19"" Windows 10
",2295.4
1038,"Computador Desktop Flex Computer Dynamic Intel Core i3 3.0GHZ 6Gb de Memória Ram Ddr3 Hd 1Tb Sata 3 com SSD 240Gb Monitor Led 19'' com Windows Kit Teclado, Mouse
",2852.77
989,"Computador Desktop Flex Computer Dynamic Intel Core i5 3.20Ghz 8Gb Memória Ddr3 Hd 500Gb Sata 3 Monitor Led 15'' Gravador de DVD Com Windows Kit Teclado, Mouse
",2532.86
613,"Computador Flex Computer Intel Core I3-2100 4GB SSD 240Gb Monitor 15""
",1657.98
743,"Computador Flex Computer Intel Core I3-2100 10GB HD 1Tb Com Kit Monitor 19""
",1930.89
1010,"Computador Desktop Flex Computer Dynamic Intel Core i3 3.0GHZ 6Gb de Memória Ram Ddr3 Hd 1Tb Sata 3 com SSD 120Gb Monitor Led 15'' com Windows Kit Teclado, Mouse
",2651.59
1046,"Computador Intel Core i5 3.2Ghz Com Hdmi 8GB HD 500GB Windows 10 Wifi Desktop Pc Cpu
",1699.0
274,"Computador Desktop Flex Computer Dynamic Intel Core i5 3.20Ghz 8Gb Memória Ddr3 Hd 1Tb Sata 3 Gravador de DVD Kit Teclado e Mouse
",1951.59
1166,"Computador Flex Computer Intel Core I3-2100 8GB HD 1Tb Com Kit e DVDRW Windows 10
",1763.52
104,"Computador Flex Computer Intel Core i3 8GB SSD 120Gb Com Kit e DVDRW
",1470.9
682,"Computador Desktop Flex Computer Dynamic Intel Core i3 3.0GHZ 6Gb de Memória Ram Ddr3 Hd 500Gb Sata 3 com SSD 240Gb Kit Teclado e Mouse
",1822.96
1185,"Computador Flex Computer Intel Core i3 8GB HD 500Gb Com Kit e DVDRW Monitor 15""
",1811.42
763,"Computador Flex Computer Intel Core I3-2100 6Gb HD 1Tb Monitor 15"" Windows 10
",1967.99
459,"Computador Flex Computer Intel Core I5-2400S 4GB SSD 480Gb Com Kit Monitor 19"" Windows 10
",2361.28
436,"Computador Desktop Completo Flex Computer Dynamic Intel Core i5 3.20Ghz 6Gb de Memória Ram Ddr3 Hd 1Tb Sata 3 com SSD 120Gb Monitor Led 15'' Kit Teclado, Mouse
",2363.84
1072,"Computador Flex Computer Intel Core i3 6Gb SSD 120Gb Windows 10
",1486.57
93,"Computador Flex Computer Intel Core i3 6Gb SSD 120Gb Com Kit e DVDRW
",1395.05
876,"Computador Flex Computer Intel Core I5-2400S 6Gb SSD 480Gb Com Kit Monitor 15""
",2186.48
182,"Computador Flex Computer Intel Core I5-2400S 4GB SSD 120Gb Com Kit e DVDRW Windows 10
",1723.94
97,"Computador Flex Computer Intel Core I3-2100 4GB HD 2Tb Com Kit
",1429.59
720,"Computador Flex Computer Intel Core i3 4GB HD 500Gb Com Kit e DVDRW Monitor 15"" Windows 10
",1895.52
703,"Computador Flex Computer Intel Core i3 6Gb HD 1Tb Com Kit e DVDRW Monitor 15""
",1874.08
448,"Computador Desktop Flex Computer Dynamic Intel Core i3 3.0GHZ 6Gb de Memória Ram Ddr3 Hd 500Gb Sata 3 com SSD 240Gb Monitor Led 21'' Kit Teclado, Mouse
",2345.7
799,"Computador Flex Computer Intel Core i5 4GB HD 500Gb Com Kit Monitor 19"" Windows 10
",2029.91
605,"Computador completo intel core I5 8GB ssd 240GB monitor LED hdmi 19.5 digital corp
",2227.61
434,"Computador Flex Computer Intel Core I3-2100 10GB HD 2Tb Com Kit Monitor 19"" Windows 10
",2320.05
273,"Computador Flex Computer Intel Core I5-2400S 10GB SSD 120Gb Com Kit e DVDRW Windows 10
",1952.33
657,"Computador Flex Computer Intel Core i3 4GB HD 2Tb Com Kit Monitor 19""
",1765.25
406,"Computador Flex Computer Intel Core i5 8GB SSD 240Gb Com Kit e DVDRW Monitor 19""
",2255.0
1116,"Computador Flex Computer Intel Core i3 6Gb SSD 120Gb Monitor 15""
",1661.36
304,"Computador Flex Computer Intel Core I5-2400S 8GB HD 1Tb Monitor 15""
",2019.94
313,"Computador Flex Computer Intel Core i5 6Gb HD 500Gb Monitor 15"" Windows 10
",2051.35
218,"Computador Flex Computer Intel Core I5-2400S 6Gb HD 2Tb Com Kit e DVDRW
",1812.16
711,"Computador Flex Computer Intel Core I5-2400S 8GB HD 500Gb Monitor 15""
",1886.37
883,"Computador Flex Computer Intel Core I5-2400S 12GB SSD 120Gb Com Kit e DVDRW Monitor 15""
",2200.5
702,"Computador Flex Computer Intel Core i3 6Gb SSD 480Gb Windows 10
",1874.91
695,"Computador Flex Computer Intel Core i3 4GB HD 2Tb Com Kit e DVDRW Monitor 15""
",1855.94
110,"Computador Flex Computer Intel Core I3-2100 4GB SSD 240Gb Windows 10
",1486.48
509,"Computador Cpu Intel Core I3 4gb SSD 480gb
",1388.64
1031,"Computador Desktop Completo Flex Computer Dynamic Intel Core i5 3.20Ghz 6Gb Memória Ddr3 Hd 500Gb Sata 3 SSD 240Gb Monitor Led 21'' Gravador de DVD com Windows Kit Teclado, Mouse
",2908.01
250,"Computador Desktop Flex Computer Dynamic Intel Core i5 3.20Ghz 6Gb de Memória Ram Ddr3 Hd 1Tb Sata 3 com SSD 120Gb
",1905.41
322,"Computador Flex Computer Intel Core I3-2100 8GB SSD 240Gb Monitor 19"" Windows 10
",2061.98
913,"Computador Flex Computer Intel Core i5 4GB HD 1Tb Com Kit e DVDRW Monitor 15"" Windows 10
",2259.13
773,"Computador Flex Computer Intel Core I3-2100 10GB HD 500Gb Monitor 15"" Windows 10
",1986.96
184,"Computador Flex Computer Intel Core I5-2400S 4GB SSD 240Gb Com Kit Windows 10
",1737.13
101,"Computador Flex Computer Intel Core I3-2100 4GB SSD 480Gb
",1448.56
239,"Computador Flex Computer Intel Core i5 6Gb HD 500Gb Com Kit Monitor 19""
",1869.14
1078,"Computador Flex Computer Intel Core i5 4GB HD 2Tb
",1531.92
962,"Computador Flex Computer Intel Core I5-2400S 12GB SSD 480Gb Com Kit Monitor 15""
",2414.87
27,"Computador All In One I3 8gb Ssd 240gb Monitor 23
",22950.0
714,"Computador Flex Computer Intel Core I5-2400S 8GB SSD 240Gb Com Kit Windows 10
",1888.84
1060,"Pc Computador Cpu Slim Core I5 + ssd 240gb, 8gb + Monitor 19
",2299.99
963,"Computador Flex Computer Intel Core I5-2400S 6Gb SSD 480Gb Com Kit Monitor 15"" Windows 10
",2424.76
1132,"Computador Flex Computer Intel Core I3-2100 12GB HD 500Gb Com Kit Windows 10
",1690.14
346,"Computador Flex Computer Intel Core I5-2400S 10GB SSD 240Gb Monitor 15""
",2099.91
336,"Computador Flex Computer Intel Core I5-2400S 6Gb SSD 240Gb Com Kit e DVDRW Monitor 15""
",2076.83
798,"Computador Flex Computer Intel Core i3 4GB HD 1Tb Com Kit e DVDRW Monitor 19"" Windows 10
",2048.05
1065,"Computador Desktop Flex Computer Dynamic Intel Core i3 3.0GHZ 4Gb de Memória Ram Ddr3 Hd 500Gb Sata 3 com SSD 120Gb
",1465.96
281,"Computador Desktop Flex Computer Dynamic Intel Core i5 3.20Ghz 4Gb de Memória Ram Ddr3 Hd 1Tb Sata 3 com SSD 120Gb
",1969.73
661,"Computador Flex Computer Intel Core I5-2400S 6Gb SSD 240Gb Windows 10
",1775.88
421,"Computador Flex Computer Intel Core I5-2400S 8GB SSD 240Gb Com Kit Monitor 15"" Windows 10
",2299.44
981,"Computador Desktop Completo Flex Computer Dynamic Intel Core i5 3.20Ghz 4Gb de Memória Ram Ddr3 Hd 500Gb Sata 3 com SSD 240Gb Monitor Led 21'' Kit Teclado, Mouse
",2528.74
508,"Computador Flex Computer Intel Core I5-2400S 10GB SSD 480Gb Monitor 15"" Windows 10
",2540.19
712,"Computador Flex Computer Intel Core i5 8GB HD 1Tb Com Kit Windows 10
",1895.52
910,"Computador Flex Computer Intel Core I5-2400S 4GB SSD 240Gb Com Kit e DVDRW Monitor 19"" Windows 10
",2252.44
540,"Computador Flex Computer Intel Core I3-2100 4GB SSD 120Gb Com Kit Windows 10
",1417.23
634,"Computador Flex Computer Intel Core I3-2100 8GB HD 500Gb Com Kit Monitor 15""
",1709.1
834,"Computador Flex Computer Intel Core I3-2100 8GB HD 2Tb Com Kit e DVDRW Monitor 19""
",2097.44
50,"Computador Roca Forte Intel Core i5 8GB SSD 480GB Hdmi Windows 10 Pc Cpu Desktop
",1619.1
801,"Computador Flex Computer Intel Core I3-2100 10GB SSD 120Gb Monitor 19"" Windows 10
",2031.48
677,"Computador Flex Computer Intel Core I5-2400S 8GB SSD 480Gb
",1815.46
203,"Computador Desktop Business Intel Core i3 3.0Ghz/ 8Gb DDR3/ HD 1TB Sata3 / Monitor LED
",1951.59
172,"Computador Flex Computer Intel Core I3-2100 4GB SSD 480Gb Windows 10
",1687.66
247,"Computador Flex Computer Intel Core i5 6Gb SSD 240Gb Com Kit Windows 10
",1887.28
472,"Computador Flex Computer Intel Core i5 6Gb SSD 480Gb Com Kit e DVDRW Monitor 15""
",2414.96
848,"Computador Flex Computer Intel Core I3-2100 10GB SSD 240Gb Monitor 15"" Windows 10
",2125.47
338,"Computador Flex Computer Intel Core i5 8GB SSD 480Gb Com Kit e DVDRW
",2083.51
536,"Computador Desktop Completo Intel Core i3 3.10GHZ 6Gb de Memória Ram Ddr3 Hd 1Tb Sata 3 com SSD 120Gb Monitor Led 19'' Gravador de DVD com Windows Kit Teclado, Mouse
",2816.49
619,"Computador Flex Computer Intel Core I3-2100 8GB HD 500Gb Monitor 15""
",1672.0
1177,"Computador Flex Computer Intel Core I5-2400S 4GB HD 500Gb Com Kit Monitor 19""
",1782.48
51,"Computador Intel Core i5 8GB HD 1TB Hdmi Windows 10 Desktop Pc
",1538.1
337,"Computador Flex Computer Intel Core I3-2100 8GB SSD 240Gb Com Kit Monitor 15"" Windows 10
",2085.9
954,"Computador Flex Computer Intel Core i5 6Gb HD 2Tb Com Kit e DVDRW Monitor 15"" Windows 10
",2385.27
587,"Computador Flex Computer Intel Core I5-2400S 4GB HD 1Tb Com Kit e DVDRW
",1585.42
279,"Computador Pc Cpu Intel Core i5 Com Hdmi 4GB SSD 120GB Windows 10 Wifi Desktop
",1295.1
26,"Computador Pc Cpu Completo Intel Core I5 8gb 500gb Monitor 19 Led Hdmi Bestpc
",2013.67
13,"Computador Completo Pc Cpu Monitor 19"" Intel Core i3 Hdmi 4GB HD 500GB Windows 10 com Teclado e Mouse Desktop Wi-Fi
",1915.38
897,"Computador Flex Computer Intel Core I5-2400S 8GB SSD 480Gb Monitor 15""
",2226.06
1108,"Computador Flex Computer Intel Core I3-2100 4GB HD 2Tb Windows 10
",1631.6
111,"Computador Flex Computer Dynamic Intel Core i3 3.0GHZ 8Gb Memória Ram Ddr3 Hd 500Gb Sata 3
",1244.91
830,"Computador Flex Computer Intel Core i3 4GB HD 2Tb Com Kit e DVDRW Monitor 15"" Windows 10
",2088.45
751,"Computador Flex Computer Intel Core I5-2400S 6Gb HD 500Gb Com Kit e DVDRW Monitor 19""
",1951.5
479,"Computador Flex Computer Intel Core I3-2100 12GB SSD 480Gb Com Kit Monitor 15"" Windows 10
",2438.78
1170,"Computador Desktop Cpu Intel Core I3 4gb Ddr3 Ssd 120gb
",1339.9
205,"Computador Desktop Flex Computer Dynamic Intel Core i5 3.20Ghz 8Gb Memória Ram Ddr3 Hd 500Gb Sata 3 SSD 120Gb Gravador de DVD Kit Mouse Teclado
",1831.21
1084,"Computador Flex Computer Intel Core i3 6Gb HD 500Gb Com Kit e DVDRW Windows 10
",1560.77
331,"Computador Flex Computer Intel Core i5 8GB HD 1Tb Com Kit Monitor 19""
",2083.51
491,"Computador Desktop Intel Core I5 4ª geração 8gb SSD 240gb *10x mais rápido
",1495.12
14,"computador all in one lg 21.5 full hd w10 home celeron 4gb ram e 500gb hd 22v280-l.by31p1 branco
",2519.1
1098,"Computador Flex Computer Intel Core I5-2400S 8GB HD 1Tb
",1610.16
974,"Computador Flex Computer Intel Core I3-2100 12GB HD 2Tb Com Kit e DVDRW Monitor 15"" Windows 10
",2475.88
61,"Pc Computador Cpu Intel Core I5 + Ssd 240gb, 8gb Memória Ram
",1529.9
251,"Computador Flex Computer Intel Core i3 8GB HD 500Gb Monitor 15"" Windows 10
",1902.94
727,"Computador Flex Computer Intel Core I5-2400S 12GB HD 500Gb Com Kit Windows 10
",1902.86
1165,"Computador Flex Computer Intel Core I3-2100 10GB HD 2Tb Com Kit e DVDRW
",1751.15
569,"Computador Desktop Business Intel Core i5 3.4Ghz /4Gb DDR3/ SSD 480GB
",1626.73
390,"Computador Flex Computer Intel Core I3-2100 12GB HD 500Gb Com Kit e DVDRW Monitor 19"" Windows 10
",2205.45
399,"Computador Flex Computer Intel Core i5 6Gb HD 2Tb Monitor 15"" Windows 10
",2244.28
902,"Computador Flex Computer Intel Core I3-2100 12GB HD 2Tb Com Kit e DVDRW Monitor 15""
",2236.78
474,"Computador Desktop Completo Flex Computer Dynamic Intel Core i5 3.20Ghz 4Gb de Memória Ram Ddr3 Hd 1Tb Sata 3 com SSD 120Gb Monitor Led 15'' Kit Teclado, Mouse
",2428.15
636,"Computador Desktop Flex Computer Dynamic Intel Core i3 3.0GHZ 4Gb de Memória Ram Ddr3 Hd 1Tb Sata 3 com SSD 120Gb
",1713.31
150,"Computador Fácil Intel Core I5 (Terceira Geração) 4GB HD 500GB
",1229.18
688,"Computador Flex Computer Intel Core i5 6Gb HD 500Gb Monitor 19""
",1832.86
288,"Computador Flex Computer Intel Core I5-2400S 6Gb SSD 480Gb Windows 10
",1977.89
644,"Computador Flex Computer Intel Core i3 4GB SSD 240Gb Monitor 15""
",1730.62
153,"Computador Flex Computer Intel Core i3 6Gb HD 1Tb Com Kit e DVDRW Windows 10
",1691.86
363,"Computador Flex Computer Intel Core I3-2100 12GB SSD 120Gb Com Kit Monitor 19"" Windows 10
",2144.43
369,"Computador Flex Computer Intel Core I3-2100 12GB SSD 480Gb Monitor 15""
",2163.4
946,"Computador Desktop Completo Flex Computer Dynamic Intel Core i5 3.20Ghz 6Gb de Memória Ram Ddr3 Hd 1Tb Sata 3 Monitor Led 21'' Gravador de DVD Kit Teclado, Mouse
",2381.98
893,"Computador Flex Computer Intel Core I3-2100 10GB SSD 480Gb Com Kit e DVDRW Monitor 15""
",2216.99
407,"Computador Desktop Flex Computer Dynamic Intel Core i3 3.0GHZ 4Gb de Memória Ram Ddr3 Hd 1Tb Sata 3 com SSD 120Gb Monitor Led 21'' Kit Teclado, Mouse
",2263.25
1069,"Computador Flex Computer Intel Core i3 4GB SSD 240Gb Windows 10
",1554.18
823,"Computador Flex Computer Intel Core I3-2100 6Gb SSD 480Gb Com Kit e DVDRW Monitor 19""
",2076.83
768,"Computador Flex Computer Intel Core I5-2400S 10GB HD 500Gb Monitor 19""
",1975.41
1159,"Computador Flex Computer Intel Core i5 4GB HD 1Tb Com Kit Windows 10
",1747.94
137,"Computador Flex Computer Intel Core I3-2100 12GB SSD 240Gb Com Kit
",1589.55
681,"Computador Flex Computer Intel Core I5-2400S 6Gb HD 500Gb Monitor 19""
",1822.88
488,"Computador Cpu Intel Core I5 8gb SSD 480gb
",1575.27
327,"Computador Flex Computer Intel Core i5 6Gb HD 2Tb Com Kit Monitor 19""
",2062.07
160,"Computador Flex Computer Intel Core i3 6Gb SSD 240Gb Com Kit Windows 10
",1663.01
693,"Computador Flex Computer Intel Core i3 4GB SSD 120Gb Com Kit Monitor 15"" Windows 10
",1858.42
795,"Computador Flex Computer Intel Core I5-2400S 8GB HD 1Tb Monitor 19""
",2032.3
582,"Computador Flex Computer Intel Core i5 4GB HD 500Gb Windows 10
",1572.32
668,"Computador Flex Computer Intel Core I3-2100 4GB SSD 120Gb Monitor 15"" Windows 10
",1789.9
1111,"Computador Flex Computer Intel Core I5-2400S 8GB HD 1Tb Com Kit
",1645.61
1055,"Computador Pc Intel Core i5 Com Hdmi 8GB ssd 240GB Windows 10 Teclado Mouse Desktop Pc
",2049.0
1000,"Computador Flex Computer Intel Core I5-2400S 12GB HD 2Tb Com Kit Monitor 19"" Windows 10
",2609.45
145,"Computador Flex Computer Intel Core I5-2400S 4GB HD 2Tb
",1607.69
917,"Computador Desktop Intel Core i3 3.10GHZ 6Gb de Memória Ram Ddr3 Hd 1Tb Sata 3 com SSD 240Gb Gravador de DVD
",2263.25
793,"Computador Desktop Flex Computer Dynamic Intel Core i3 3.0GHZ 4Gb de Memória Ram Ddr3 Hd 1Tb Sata 3 Monitor Led 19'' Kit Teclado, Mouse
",2024.97
109,"Computador Flex Computer Intel Core I3-2100 4GB HD 1Tb Windows 10
",1481.54
824,"Computador Flex Computer Intel Core I3-2100 10GB HD 2Tb Com Kit Monitor 19""
",2080.95
376,"Computador Desktop Flex Computer Dynamic Intel Core i5 3.20Ghz 4Gb de Memória Ram Ddr3 Hd 500Gb Sata III com Monitor Led 21'' Kit Teclado, Mouse
",2189.87
426,"Computador Flex Computer Intel Core I5-2400S 4GB HD 2Tb Com Kit Monitor 19"" Windows 10
",2304.39
650,"Computador Flex Computer Intel Core i5 8GB HD 500Gb Com Kit Windows 10
",1757.0
1186,"Computador Flex Computer Intel Core I3-2100 4GB HD 500Gb Com Kit Monitor 19"" Windows 10
",1808.04
405,"Computador Flex Computer Intel Core I5-2400S 8GB HD 500Gb Com Kit e DVDRW Monitor 15"" Windows 10
",2253.27
1024,"Computador Desktop Flex Computer Dynamic Intel Core i3 3.0GHZ 6Gb de Memória Ram Ddr3 Hd 500Gb Sata 3 com SSD 240Gb Monitor Led 21'' com Windows Kit Teclado, Mouse
",2761.25
350,"Computador Desktop Flex Computer Dynamic Intel Core i3 3.0GHZ 6Gb de Memória Ram Ddr3 Hd 1Tb Sata 3 com SSD 240Gb
",2116.49
484,"Computador Flex Computer Intel Core i5 8GB HD 2Tb Com Kit e DVDRW Monitor 15"" Windows 10
",2460.3
1011,"Computador Desktop Completo Flex Computer Dynamic Intel Core i5 3.20Ghz 4Gb de Memória Ram Ddr3 Hd 1Tb Sata 3 com SSD 240Gb Monitor Led 19'' Kit Teclado, Mouse
",2666.43
1171,"Computador Flex Computer Intel Core I5-2400S 6Gb HD 500Gb Com Kit e DVDRW Windows 10
",1767.64
899,"Computador Flex Computer Intel Core I3-2100 4GB SSD 480Gb Com Kit e DVDRW Monitor 15"" Windows 10
",2226.88
704,"Computador Flex Computer Intel Core i3 4GB SSD 120Gb Com Kit Monitor 19"" Windows 10
",1872.43
778,"Computador Flex Computer Intel Core i3 4GB SSD 480Gb Monitor 19""
",1994.46
1156,"Computador Flex Computer Intel Core I3-2100 6Gb HD 500Gb Com Kit e DVDRW Monitor 19""
",1737.96
458,"Computador Flex Computer Intel Core I3-2100 12GB HD 2Tb Monitor 19"" Windows 10
",2358.8
1163,"Computador Flex Computer Intel Core i3 8GB SSD 120Gb Monitor 19""
",1750.41
607,"Computador Flex Computer Intel Core I5-2400S 4GB HD 2Tb Com Kit
",1643.14
431,"Computador Flex Computer Intel Core I5-2400S 8GB HD 2Tb Com Kit e DVDRW Monitor 19""
",2310.98
28,"Computador Completo Intel Dual Core 4GB HD 500GB Monitor HDMI 19.5"" Skill
",1655.2
1075,"Computador Flex Computer Intel Core i5 6Gb SSD 120Gb Com Kit
",1515.43
1139,"Computador Flex Computer Intel Core I3-2100 4GB SSD 240Gb Com Kit Monitor 19""
",1707.45
504,"Computador Desktop Flex Computer Dynamic Intel Core i3 3.0GHZ 4Gb de Memória Ram Ddr3 Hd 500Gb Sata 3
",1282.92
384,"Computador Flex Computer Intel Core I5-2400S 6Gb SSD 480Gb Com Kit Monitor 19""
",2198.85
1008,"Computador Desktop Completo Flex Computer Dynamic Intel Core i5 3.20Ghz 8Gb Memória Ddr3 Hd 1Tb Sata 3 SSD 240Gb Monitor Led 15'' Gravador de DVD Kit Teclado, Mouse
",2666.43
495,"Computador Flex Computer Intel Core I3-2100 12GB HD 2Tb Com Kit e DVDRW Monitor 19"" Windows 10
",2488.25
1193,"Computador Flex Computer Intel Core i5 6Gb HD 1Tb Com Kit Windows 10
",1819.67
874,"Computador Flex Computer Intel Core I5-2400S 6Gb SSD 240Gb Monitor 15"" Windows 10
",2186.48
1082,"Computador Flex Computer Intel Core I3-2100 12GB HD 500Gb Com Kit e DVDRW
",1544.2
568,"Computador Flex Computer Intel Core I3-2100 8GB HD 500Gb Com Kit Windows 10
",1537.6
335,"Computador Flex Computer Intel Core I3-2100 4GB SSD 120Gb Com Kit e DVDRW Windows 10
",1509.57
828,"Computador Flex Computer Intel Core i3 6Gb SSD 480Gb Com Kit Monitor 15""
",2085.98
955,"Computador Desktop Flex Computer Dynamic Intel Core i5 3.20Ghz 4Gb de Memória Ram Ddr3 Hd 500Gb Sata 3 com SSD 240Gb Com Windows Kit Teclado e Mouse
",2386.1
723,"Computador Flex Computer Intel Core i5 4GB HD 500Gb Com Kit e DVDRW Monitor 19""
",1901.29
404,"Computador Flex Computer Intel Core I5-2400S 8GB SSD 240Gb Monitor 15"" Windows 10
",2262.34
497,"Computador Desktop Dell Vostro 3681-M10 10ª Geração Intel Core i3 4GB 1TB Windows 10
",2789.1
163,"Computador Pc Cpu Intel Core i3 4GB HD 500GB Hdmi Windows 10 Desktop
",1310.0
783,"Computador Flex Computer Intel Core I5-2400S 12GB SSD 240Gb Windows 10
",2005.09
832,"Computador Flex Computer Intel Core I3-2100 8GB HD 1Tb Com Kit Monitor 19"" Windows 10
",2093.32
940,"Computador Flex Computer Intel Core I5-2400S 10GB HD 500Gb Com Kit e DVDRW Monitor 19"" Windows 10
",2342.31
324,"Computador Flex Computer Intel Core i5 8GB SSD 240Gb Com Kit e DVDRW Windows 10
",2067.02
34,"Computador All In One Pc Core I3 4gb 500hd 23,8 - Compaq CQ-A1
",3519.99
1173,"Computador Desktop Flex Computer Dynamic Intel Core i3 3.0GHZ 4Gb de Memória Ram Ddr3 Hd 500Gb Sata 3 Monitor Led 15'' Kit Teclado, Mouse
",1777.62
199,"Computador Flex Computer Intel Core I5-2400S 4GB HD 500Gb Com Kit Monitor 15""
",1770.11
1168,"Computador Flex Computer Intel Core i5 6Gb SSD 240Gb Com Kit e DVDRW
",1758.65
102,"Computador Flex Computer Intel Core I3-2100 6Gb SSD 120Gb Windows 10
",1455.98
1188,"Computador Flex Computer Intel Core I5-2400S 6Gb HD 500Gb Monitor 15""
",1810.51
787,"Computador Flex Computer Intel Core I3-2100 8GB HD 2Tb Com Kit Monitor 19""
",2005.09
502,"Computador Desktop Completo Flex Computer Dynamic Intel Core i5 3.20Ghz 6Gb de Memória Ram Ddr3 Hd 1Tb Sata 3 com SSD 240Gb Monitor Led 15'' Kit Teclado, Mouse
",2537.81
391,"Computador Flex Computer Intel Core I3-2100 6Gb SSD 480Gb Com Kit Monitor 15"" Windows 10
",2210.39
63,"Computador Desktop Intel Core i5 3.2Ghz Memória 6Gb Ddr3 Hd 500 Sata3 C/ HDMI
",1319.19
475,"Computador Desktop Flex Computer Dynamic Intel Core i3 3.0GHZ 4Gb de Memória Ram Ddr3 Hd 1Tb Sata 3 Monitor Led 19'' com Windows Kit Teclado, Mouse
",2413.31
754,"Computador Flex Computer Intel Core I3-2100 12GB HD 1Tb Monitor 15""
",1958.1
15,"Computador Gamer Intel Core i5 8GB HD 500GB (Nvidia Geforce GT) EasyPC Light
",2174.59
378,"Computador Flex Computer Intel Core i5 4GB HD 2Tb Monitor 19"" Windows 10
",2185.74
456,"Computador Flex Computer Intel Core I5-2400S 8GB SSD 480Gb Com Kit e DVDRW Monitor 15""
",2355.51
192,"Computador Flex Computer Intel Core i3 6Gb HD 1Tb Monitor 19""
",1747.11
1004,"Computador Flex Computer Intel Core i5 8GB SSD 480Gb Com Kit Monitor 19"" Windows 10
",2631.8
614,"Computador Flex Computer Intel Core i3 4GB HD 500Gb Com Kit e DVDRW Monitor 15""
",1663.01
464,"Computador Desktop Completo Flex Computer Dynamic Intel Core i5 3.20Ghz 8Gb Memória Ddr3 Hd 1Tb Sata 3 Monitor Led 19'' Gravador de DVD Kit Teclado, Mouse
",2419.08
997,"Computador Desktop Completo Intel Core i3 3.10GHZ 6Gb de Memória Ram Ddr3 Hd 500Gb Sata 3 com SSD 120Gb Monitor Led 19'' Gravador de DVD com Windows Kit Teclado, Mouse
",2624.38
805,"Computador Flex Computer Intel Core I5-2400S 12GB HD 2Tb Com Kit e DVDRW
",2040.55
282,"Computador Flex Computer Intel Core i3 4GB SSD 240Gb Monitor 19"" Windows 10
",1974.67
3,"Computador Gamer Completo Fácil Intel i5 (Terceira Geração) 8GB Placa de Vídeo GT 730 2GB HD 500GB Monitor 19""
",2705.18
401,"Computador Flex Computer Intel Core i3 4GB SSD 480Gb Com Kit Monitor 15"" Windows 10
",2245.93
246,"Computador Flex Computer Intel Core I3-2100 10GB SSD 240Gb Monitor 15""
",1886.37
721,"Computador Flex Computer Intel Core I3-2100 4GB SSD 240Gb Monitor 15"" Windows 10
",1897.08
129,"Computador Flex Computer Intel Core I5-2400S 6Gb HD 1Tb Com Kit
",1568.93
1037,"Computador Desktop Completo Quantum Intel Core i3 6GB HD 500GB Monitor 19.5"" HDMI LED com mouse e teclado
",1850.89
585,"Computador Flex Computer Intel Core i3 4GB HD 2Tb Com Kit Windows 10
",1577.26
665,"Computador Flex Computer Intel Core I3-2100 4GB HD 1Tb Com Kit e DVDRW Monitor 15""
",1782.48
561,"Computador Flex Computer Intel Core I3-2100 6Gb SSD 120Gb Com Kit Windows 10
",1493.08
814,"Computador Flex Computer Intel Core I5-2400S 12GB HD 500Gb Monitor 19""
",2052.09
272,"Computador Desktop Flex Computer Dynamic Intel Core i5 3.20Ghz 4Gb Memória Ram Ddr3 Hd 500Gb Sata III Com Windows, Kit Mouse e Teclado
",1945.82
975,"Computador Desktop Flex Computer Dynamic Intel Core i3 3.0GHZ 6Gb de Memória Ram Ddr3 Hd 500Gb Sata 3 com SSD 120Gb Monitor Led 19'' com Windows Kit Teclado, Mouse
",2477.62
517,"Computador Flex Computer Intel Core i5 4GB SSD 480Gb Com Kit e DVDRW Monitor 15"" Windows 10
",2574.91
130,"Computador Flex Computer Intel Core I3-2100 6Gb SSD 240Gb Windows 10
",1563.16
746,"Computador Flex Computer Intel Core I3-2100 12GB HD 2Tb Windows 10
",1935.84
1083,"Computador Cpu Intel Core I5 8gb SSD 240gb
",1248.72
784,"Computador Flex Computer Intel Core i3 6Gb HD 1Tb Com Kit Monitor 15"" Windows 10
",2002.71
238,"Computador Flex Computer Intel Core I5-2400S 4GB SSD 240Gb Monitor 15""
",1871.53
916,"Computador Flex Computer Intel Core I5-2400S 4GB HD 2Tb Monitor 19"" Windows 10
",2268.93
140,"Computador Flex Computer Intel Core I5-2400S 4GB HD 500Gb Com Kit Windows 10
",1598.62
1088,"Computador Flex Computer Intel Core i3 4GB SSD 480Gb
",1573.97
1019,"Computador Desktop Completo Flex Computer Dynamic Intel Core i5 3.20Ghz 4Gb de Memória Ram Ddr3 Hd 1Tb Sata 3 com SSD 120Gb Monitor Led 15'' com Windows Kit Teclado, Mouse
",2734.04
266,"Computador Flex Computer Intel Core I3-2100 4GB SSD 120Gb Com Kit e DVDRW Monitor 19"" Windows 10
",1932.54
1120,"Computador Flex Computer Intel Core i3 6Gb SSD 120Gb Monitor 19""
",1675.38
609,"Computador Flex Computer Intel Core I3-2100 4GB HD 500Gb Com Kit e DVDRW Monitor 15""
",1648.91
74,"Computador Flex Computer Intel Core i3 6Gb HD 1Tb Com Kit
",1362.06
314,"Computador Completo Flex Computer Dynamic Intel Core i3 3.0Ghz 8Gb Memória Ram Ddr3 Hd 500Gb Sata 3 com Monitor Led 19'' com Windows Kit Teclado, Mouse
",2265.72
643,"Computador Desktop Flex Computer Dynamic Intel Core i5 3.20Ghz 4Gb Memória Ram Ddr3 Hd 500Gb Sata III com SSD 120Gb
",1722.38
116,"Computador Flex Computer Intel Core I3-2100 4GB SSD 240Gb Com Kit Windows 10
",1523.59
220,"Computador Flex Computer Intel Core i5 6Gb HD 500Gb Monitor 15""
",1818.84
1070,"Computador Flex Computer Intel Core I3-2100 4GB SSD 480Gb Com Kit
",1485.66
297,"Computador Flex Computer Intel Core I3-2100 12GB SSD 120Gb Com Kit e DVDRW Monitor 19""
",1998.5
1123,"Computador Flex Computer Intel Core i5 8GB HD 2Tb
",1680.33
1013,"Computador Completo Fácil Intel Core i5 8GB SSD 240GB Monitor 19"" HDMI LED Teclado e Mouse
",2049.18
231,"Computador Flex Computer Intel Core i3 6Gb HD 2Tb Com Kit Monitor 19""
",1836.98
541,"Computador Flex Computer Intel Core i3 6Gb HD 500Gb Windows 10
",1419.78
1184,"Computador Intel Core i5 Com Hdmi 8GB HD 500GB Windows 10 Teclado Mouse Desktop Pc
",1849.99
141,"Computador Flex Computer Intel Core I3-2100 6Gb HD 2Tb Com Kit e DVDRW
",1598.62
656,"Computador Flex Computer Intel Core i5 4GB HD 2Tb Windows 10
",1765.25
1017,"Computador Flex Computer Intel Core I5-2400S 12GB HD 2Tb Com Kit e DVDRW Monitor 19"" Windows 10
",2701.8
344,"Computador Flex Computer Intel Core I3-2100 6Gb HD 1Tb Com Kit e DVDRW Monitor 15"" Windows 10
",2097.44
445,"Computador Desktop Intel Core i3 3.10GHZ 6Gb de Memória Ram Ddr3 Hd 1Tb Sata 3 com SSD 120Gb Com Windows Gravador de DVD Kit Teclado e Mouse
",2349.0
745,"Computador Flex Computer Intel Core I3-2100 8GB HD 1Tb Com Kit e DVDRW Monitor 15""
",1935.01
452,"Computador Flex Computer Intel Core I5-2400S 10GB SSD 480Gb Com Kit Monitor 19""
",2351.38
293,"Computador Flex Computer Intel Core I3-2100 8GB SSD 120Gb Com Kit Monitor 19"" Windows 10
",1991.9
359,"Computador Flex Computer Intel Core I5-2400S 6Gb HD 2Tb Com Kit Monitor 15""
",2129.59
623,"Computador Cpu Intel Core I5 8gb Hd 1tb
",1389.52
1105,"Computador Desktop Business Intel Core i3 3.0Ghz /4Gb DDR3 /SSD 120GB
",1417.31
132,"Computador Flex Computer Intel Core I5-2400S 6Gb SSD 120Gb Com Kit e DVDRW
",1561.51
1020,"Computador Flex Computer Intel Core i5 8GB SSD 480Gb Com Kit e DVDRW Monitor 19"" Windows 10
",2736.51
543,"Computador Desktop Flex Computer Dynamic Intel Core i5 3.20Ghz 6Gb de Memória Ram Ddr3 Hd 1Tb Sata 3 com SSD 240Gb Com Windows Gravador de DVD Kit Teclado e Mouse
",2678.8
779,"Computador Flex Computer Intel Core I3-2100 12GB HD 1Tb Com Kit Monitor 15""
",1994.38
262,"Computador Flex Computer Intel Core I5-2400S 10GB SSD 240Gb Windows 10
",1928.42
971,"Computador Completo Flex Dynamic Intel Core i5 3.20Ghz 8Gb Ddr3 Hd 1Tb 120Gb Moni.15 Grav.dvd Kit
",2492.46
280,"Computador Flex Computer Intel Core I5-2400S 10GB SSD 240Gb Com Kit Windows 10
",1965.52
170,"Computador Flex Computer Intel Core I3-2100 6Gb HD 1Tb Com Kit e DVDRW Windows 10
",1687.66
922,"Computador Flex Computer Intel Core I5-2400S 6Gb SSD 480Gb Com Kit e DVDRW Monitor 15""
",2278.83
518,"Computador Desktop Flex Computer Dynamic Intel Core i5 3.20Ghz 4Gb de Memória Ram Ddr3 Hd 500Gb Sata III com SSD 120Gb Monitor Led 15'' Com Windows Kit Teclado, Mouse
",2578.21
120,"Computador Flex Computer Intel Core I5-2400S 6Gb HD 500Gb Com Kit e DVDRW
",1528.53
1199,"Computador Flex Computer Intel Core i5 8GB SSD 240Gb Com Kit e DVDRW
",1834.51
845,"Computador Flex Computer Intel Core I3-2100 4GB SSD 480Gb Monitor 19"" Windows 10
",2109.81
1048,"Computador Flex Computer Intel Core I3-2100 4GB HD 500Gb Windows 10
",1347.97
761,"Computador Flex Computer Intel Core i5 8GB SSD 120Gb Monitor 15""
",1961.48
166,"Computador Flex Computer Intel Core i3 4GB HD 500Gb Com Kit e DVDRW Monitor 19""
",1677.03
334,"Computador Flex Computer Intel Core I5-2400S 6Gb SSD 120Gb Monitor 15"" Windows 10
",2080.95
944,"Computador Desktop Completo Flex Computer Dynamic Intel Core i5 3.20Ghz 8Gb Memória Ddr3 Hd 1Tb Sata 3 Monitor Led 15'' Gravador de DVD Kit Teclado, Mouse
",2381.98
124,"Computador Flex Computer Intel Core i5 4GB SSD 240Gb
",1545.93
489,"Computador Flex Computer Intel Core I5-2400S 10GB HD 1Tb Com Kit e DVDRW Monitor 19"" Windows 10
",2475.88
527,"Computador Fácil Intel Core i5 8GB HD 1TB
",1466.98
396,"Computador Flex Computer Intel Core i3 8GB SSD 240Gb Com Kit e DVDRW Monitor 15"" Windows 10
",2249.23
1033,"Computador Desktop Completo Flex Computer Dynamic Intel Core i5 3.20Ghz 4Gb de Memória Ram Ddr3 Hd 500Gb Sata 3 com SSD 240Gb Monitor Led 21'' com Windows Kit Teclado, Mouse
",2945.11
1140,"Pc Computador Cpu Intel Core I5 + Ssd 240gb, 8gb Memória Ram
",1529.9
675,"Computador Flex Computer Intel Core i3 6Gb SSD 240Gb Monitor 19""
",1813.9
1117,"Computador Desktop Cpu Intel Core I3 4gb Ddr3 Ssd 120gb
",1339.9
1178,"Computador Flex Computer Intel Core I3-2100 6Gb SSD 240Gb Com Kit Monitor 19""
",1784.13
939,"Computador Desktop Completo Flex Computer Dynamic Intel Core i5 3.20Ghz 4Gb de Memória Ram Ddr3 Hd 1Tb Sata 3 com SSD 120Gb Monitor Led 19'' Kit Teclado, Mouse
",2363.84
168,"Computador Desktop Intel Core i5 3.2Ghz Memória 6Gb Ddr3 SSD 240GB Sata3
",1740.51
521,"Computador Flex Computer Intel Core i5 4GB SSD 480Gb Com Kit e DVDRW Monitor 19"" Windows 10
",2588.93
961,"Computador Flex Computer Intel Core I5-2400S 12GB SSD 240Gb Monitor 15"" Windows 10
",2414.87
253,"Computador Flex Computer Intel Core i3 6Gb SSD 120Gb Monitor 19"" Windows 10
",1907.89
907,"Computador Flex Computer Intel Core I3-2100 4GB SSD 480Gb Com Kit e DVDRW Monitor 19"" Windows 10
",2240.08
926,"Computador Flex Computer Intel Core i5 8GB HD 1Tb Com Kit Monitor 19"" Windows 10
",2316.02
430,"Computador Flex Computer Intel Core i5 4GB HD 2Tb Com Kit e DVDRW Monitor 15"" Windows 10
",2312.72
179,"Computador Flex Computer Intel Core i3 4GB HD 2Tb Monitor 15""
",1714.96
267,"Computador Flex Computer Intel Core I3-2100 6Gb SSD 480Gb Monitor 15""
",1935.01
970,"Computador Desktop Flex Computer Dynamic Intel Core i3 3.0GHZ 4Gb de Memória Ram Ddr3 Hd 500Gb Sata 3 com SSD 120Gb Monitor Led 21'' com Windows Kit Teclado, Mouse
",2468.55
534,"Computador Desktop Completo Intel Core i3 3.10GHZ 6Gb de Memória Ram Ddr3 Hd 500Gb Sata 3 com SSD 120Gb Monitor Led 15'' Gravador de DVD com Windows Kit Teclado, Mouse
",2678.8
1052,"Computador Flex Computer Intel Core i3 6Gb HD 2Tb
",1380.21
719,"Computador Flex Computer Intel Core I5-2400S 6Gb HD 1Tb Com Kit e DVDRW Windows 10
",1900.38
692,"Computador Desktop Business Intel Core i5 3.4Ghz/ 8Gb DDR3/ SSD 480GB
",1951.59
465,"Computador Desktop Completo Flex Computer Dynamic Intel Core i5 3.20Ghz 6Gb de Memória Ram Ddr3 Hd 500Gb Sata 3 com SSD 240Gb Monitor Led 19'' Kit Teclado, Mouse
",2400.11
553,"Computador Flex Computer Intel Core i5 4GB HD 500Gb Com Kit e DVDRW
",1480.8
776,"Computador Flex Computer Intel Core i5 4GB HD 2Tb Com Kit Monitor 19""
",1989.51
361,"Computador Desktop Flex Computer Dynamic Intel Core i5 3.20Ghz 4Gb de Memória Ram Ddr3 Hd 500Gb Sata III com Monitor Led 19'' Kit Teclado, Mouse
",2134.63
815,"Computador Flex Computer Intel Core I5-2400S 4GB HD 2Tb Com Kit Monitor 15""
",2052.92
529,"Computador Flex Computer Intel Core I3-2100 4GB HD 500Gb Com Kit Windows 10
",1385.07
982,"Computador Flex Computer Intel Core I5-2400S 8GB SSD 480Gb Com Kit Monitor 19"" Windows 10
",2513.81
118,"Computador Flex Computer Intel Core i5 8GB HD 500Gb Com Kit
",1524.5
332,"Computador Flex Computer Intel Core I3-2100 8GB SSD 120Gb Com Kit e DVDRW Monitor 15"" Windows 10
",2071.88
528,"Computador Desktop Completo Flex Computer Dynamic Intel Core i5 3.20Ghz 4Gb de Memória Ram Ddr3 Hd 1Tb Sata 3 Monitor Led 15'' com Windows Kit Teclado, Mouse
",2633.45
976,"Computador Desktop Flex Computer Dynamic Intel Core i3 3.0GHZ 6Gb de Memória Ram Ddr3 Hd 1Tb Sata 3 com SSD 240Gb Monitor Led 19'' Kit Teclado, Mouse
",2482.56
769,"Computador Flex Computer Intel Core i3 6Gb HD 500Gb Com Kit e DVDRW Monitor 19"" Windows 10
",1982.09
222,"Computador Flex Computer Intel Core I5-2400S 10GB SSD 120Gb Windows 10
",1822.88
106,"Computador Flex Computer Intel Core I5-2400S 6Gb SSD 120Gb Com Kit
",1469.17
53,"Computador completo intel core I5 7° 8GB ssd 240GB monitor hdmi LED 21.5 digital plus
",3233.26
143,"Computador Flex Computer Intel Core I5-2400S 8GB HD 500Gb Com Kit e DVDRW
",1605.21
593,"Computador Flex Computer Intel Core i5 8GB SSD 120Gb Com Kit
",1591.28
1127,"Computador Flex Computer Intel Core I3-2100 10GB SSD 480Gb
",1676.94
600,"Computador Flex Computer Intel Core i3 6Gb HD 2Tb Windows 10
",1612.72
622,"Computador Flex Computer Intel Core i5 4GB SSD 240Gb Com Kit e DVDRW
",1686.92
444,"Computador Flex Computer Intel Core I5-2400S 10GB SSD 240Gb Monitor 15"" Windows 10
",2339.02
1137,"Computador Flex Computer Intel Core i3 4GB SSD 240Gb Com Kit e DVDRW Windows 10
",1695.17
394,"Computador Flex Computer Intel Core I5-2400S 10GB SSD 240Gb Com Kit e DVDRW Monitor 15""
",2229.36
354,"Computador Flex Computer Intel Core I5-2400S 4GB SSD 240Gb Monitor 19"" Windows 10
",2123.0
382,"Computador Desktop Flex Computer Dynamic Intel Core i3 3.0GHZ 4Gb de Memória Ram Ddr3 Hd 1Tb Sata 3 com SSD 120Gb Monitor Led 19'' Kit Teclado, Mouse
",2208.01
620,"Computador Flex Computer Intel Core I3-2100 12GB HD 1Tb Com Kit e DVDRW
",1676.94
603,"Computador Flex Computer Intel Core i3 6Gb HD 500Gb Com Kit Monitor 15""
",1630.86
642,"Computador Flex Computer Intel Core I3-2100 10GB SSD 480Gb Com Kit
",1714.05
115,"Computador Desktop Flex Computer Dynamic Intel Core i3 3.0GHZ 6Gb de Memória Ram Ddr3 Hd 500Gb Sata 3 com SSD 120Gb
",1539.34
1081,"Computador Flex Computer Intel Core I3-2100 12GB HD 1Tb
",1547.5
936,"Computador Flex Computer Intel Core i5 8GB HD 2Tb Monitor 15"" Windows 10
",2319.31
429,"Computador Flex Computer Intel Core I5-2400S 12GB SSD 240Gb Com Kit e DVDRW Monitor 15""
",2306.04
245,"Computador Flex Computer Intel Core I5-2400S 8GB HD 2Tb Com Kit e DVDRW
",1888.02
387,"Computador Flex Computer Intel Core I5-2400S 4GB SSD 480Gb Com Kit e DVDRW Monitor 15""
",2202.97
371,"Computador Flex Computer Intel Core I3-2100 6Gb HD 2Tb Com Kit Monitor 19"" Windows 10
",2167.52
771,"Computador Desktop Flex Computer Dynamic Intel Core i5 3.20Ghz 6Gb Memória Ram Ddr3 Hd 500Gb Sata III Com Windows, Kit Mouse e Teclado
",1982.92
747,"Computador Desktop Flex Computer Dynamic Intel Core i3 3.0GHZ 4Gb de Memória Ram Ddr3 Hd 1Tb Sata 3 Com Windows Kit Teclado e Mouse
",1945.82
826,"Computador Flex Computer Intel Core I3-2100 4GB HD 2Tb Com Kit Monitor 15"" Windows 10
",2078.47
490,"Computador Flex Computer Intel Core i3 4GB HD 1Tb
",1254.06
91,"Computador Flex Computer Intel Core I3-2100 4GB ssd 120Gb Windows 10
",1380.12
949,"Computador Flex Computer Intel Core I5-2400S 10GB HD 1Tb Com Kit Monitor 19"" Windows 10
",2383.54
213,"Computador Flex Computer Intel Core i3 4GB SSD 480Gb Windows 10
",1802.35
1087,"Computador Flex Computer Intel Core i5 4GB HD 2Tb Com Kit
",1569.02
785,"Computador Flex Computer Intel Core i3 8GB HD 2Tb Com Kit e DVDRW Monitor 15""
",2003.53
1153,"Computador Flex Computer Intel Core I3-2100 6Gb SSD 240Gb Monitor 15""
",1734.66
33,"Computador completo I3 6GB HD 500GB monitor 19.5 LED digital info
",1745.5
473,"Computador Flex Computer Intel Core i5 6Gb SSD 240Gb Com Kit e DVDRW Monitor 19"" Windows 10
",2412.48
819,"Computador Desktop Flex Computer Dynamic Intel Core i5 3.20Ghz 6Gb Memória Ram Ddr3 Hd 500Gb Sata III com SSD 120Gb Com Windows, Kit Mouse e Teclado
",2083.51
